{
  "random_forest": {
    "model_name": "RandomForest",
    "mae": 0.02814468451988665,
    "rmse": 0.03595887708702442,
    "r2": 0.8925940286840005,
    "directional_accuracy": 0.9259259259259259,
    "mean_predicted_return": 0.0017352453939934885,
    "mean_actual_return": 0.0016585085398980039,
    "notes": null,
    "precision": null,
    "recall": null,
    "f1": null,
    "roc_auc": null
  },
  "lightgbm": {
    "model_name": "LightGBM",
    "mae": 0.02801463901112042,
    "rmse": 0.03663720884217225,
    "r2": 0.8885035744407526,
    "directional_accuracy": 0.9444444444444444,
    "mean_predicted_return": 0.0039424117738232805,
    "mean_actual_return": 0.0016585085398980039,
    "notes": null,
    "precision": null,
    "recall": null,
    "f1": null,
    "roc_auc": null
  },
  "xgboost": {
    "model_name": "XGBoost",
    "mae": 0.022405995491681336,
    "rmse": 0.030476638775542964,
    "r2": 0.922847443787601,
    "directional_accuracy": 0.9537037037037037,
    "mean_predicted_return": 0.004290228243917227,
    "mean_actual_return": 0.0016585085398980039,
    "notes": null,
    "precision": null,
    "recall": null,
    "f1": null,
    "roc_auc": null
  },
  "stacked_blend": {
    "model_name": "StackedBlend",
    "mae": 0.02285138143741328,
    "rmse": 0.03010637786472163,
    "r2": 0.9247107101519877,
    "directional_accuracy": 0.9398148148148148,
    "mean_predicted_return": 0.0034920078067318234,
    "mean_actual_return": 0.0016585085398980039,
    "notes": null,
    "precision": null,
    "recall": null,
    "f1": null,
    "roc_auc": null
  }
}