{
  "random_forest": {
    "model_name": "RandomForest",
    "mae": 0.01620541528186702,
    "rmse": 0.024059090382886637,
    "r2": 0.8485696772016426,
    "directional_accuracy": 0.9133858267716536,
    "mean_predicted_return": -0.008460045227736461,
    "mean_actual_return": 0.0020134422131668954,
    "notes": null,
    "precision": null,
    "recall": null,
    "f1": null,
    "roc_auc": null
  },
  "lightgbm": {
    "model_name": "LightGBM",
    "mae": 0.012574991469898834,
    "rmse": 0.01888625856145402,
    "r2": 0.9066861081550549,
    "directional_accuracy": 0.9133858267716536,
    "mean_predicted_return": -0.0048246424278825814,
    "mean_actual_return": 0.0020134422131668954,
    "notes": null,
    "precision": null,
    "recall": null,
    "f1": null,
    "roc_auc": null
  },
  "xgboost": {
    "model_name": "XGBoost",
    "mae": 0.01653135247192588,
    "rmse": 0.02850938956516899,
    "r2": 0.7873671904522594,
    "directional_accuracy": 0.905511811023622,
    "mean_predicted_return": -0.009243035688996315,
    "mean_actual_return": 0.0020134422131668954,
    "notes": null,
    "precision": null,
    "recall": null,
    "f1": null,
    "roc_auc": null
  },
  "stacked_blend": {
    "model_name": "StackedBlend",
    "mae": 0.012390629427017227,
    "rmse": 0.019121365172746888,
    "r2": 0.9043484015676446,
    "directional_accuracy": 0.9133858267716536,
    "mean_predicted_return": 0.002013442213166891,
    "mean_actual_return": 0.0020134422131668954,
    "notes": null,
    "precision": null,
    "recall": null,
    "f1": null,
    "roc_auc": null
  }
}