{
  "random_forest": {
    "model_name": "RandomForest",
    "mae": 0.015441513852169129,
    "rmse": 0.02171144371649943,
    "r2": 0.8453607244588154,
    "directional_accuracy": 0.892018779342723,
    "mean_predicted_return": 0.0009350352642656545,
    "mean_actual_return": -0.0007073677971728994,
    "notes": null,
    "precision": null,
    "recall": null,
    "f1": null,
    "roc_auc": null
  },
  "lightgbm": {
    "model_name": "LightGBM",
    "mae": 0.013989639921069375,
    "rmse": 0.02249107678075703,
    "r2": 0.8340554871337148,
    "directional_accuracy": 0.8873239436619719,
    "mean_predicted_return": 0.0025318146622099634,
    "mean_actual_return": -0.0007073677971728994,
    "notes": null,
    "precision": null,
    "recall": null,
    "f1": null,
    "roc_auc": null
  },
  "xgboost": {
    "model_name": "XGBoost",
    "mae": 0.010972773869581696,
    "rmse": 0.014932997603167021,
    "r2": 0.9268462841594649,
    "directional_accuracy": 0.9107981220657277,
    "mean_predicted_return": 0.00021721913071814924,
    "mean_actual_return": -0.0007073677971728994,
    "notes": null,
    "precision": null,
    "recall": null,
    "f1": null,
    "roc_auc": null
  },
  "stacked_blend": {
    "model_name": "StackedBlend",
    "mae": 0.012147733816859853,
    "rmse": 0.017186011047082596,
    "r2": 0.9031069619122021,
    "directional_accuracy": 0.8967136150234741,
    "mean_predicted_return": 0.0008977821556343758,
    "mean_actual_return": -0.0007073677971728994,
    "notes": null,
    "precision": null,
    "recall": null,
    "f1": null,
    "roc_auc": null
  }
}