{
  "random_forest": {
    "model_name": "RandomForest",
    "mae": 0.015097005410176213,
    "rmse": 0.026788770982477297,
    "r2": 0.7474198708444599,
    "directional_accuracy": 0.8966789667896679,
    "mean_predicted_return": 0.0037576737602561146,
    "mean_actual_return": 0.0024553366169852834,
    "notes": null,
    "precision": null,
    "recall": null,
    "f1": null,
    "roc_auc": null
  },
  "lightgbm": {
    "model_name": "LightGBM",
    "mae": 0.013256746310340102,
    "rmse": 0.024786372637267642,
    "r2": 0.7837682061579597,
    "directional_accuracy": 0.922509225092251,
    "mean_predicted_return": 0.004185089576443522,
    "mean_actual_return": 0.0024553366169852834,
    "notes": null,
    "precision": null,
    "recall": null,
    "f1": null,
    "roc_auc": null
  },
  "xgboost": {
    "model_name": "XGBoost",
    "mae": 0.015563438965328932,
    "rmse": 0.026642178168935035,
    "r2": 0.7501766321953282,
    "directional_accuracy": 0.8856088560885609,
    "mean_predicted_return": -0.0011727510718628764,
    "mean_actual_return": 0.0024553366169852834,
    "notes": null,
    "precision": null,
    "recall": null,
    "f1": null,
    "roc_auc": null
  },
  "stacked_blend": {
    "model_name": "StackedBlend",
    "mae": 0.014846062346693762,
    "rmse": 0.025884815261444465,
    "r2": 0.7641783131187831,
    "directional_accuracy": 0.8856088560885609,
    "mean_predicted_return": -0.00012891155110987556,
    "mean_actual_return": 0.0024553366169852834,
    "notes": null,
    "precision": null,
    "recall": null,
    "f1": null,
    "roc_auc": null
  }
}