{
  "random_forest": {
    "model_name": "RandomForest",
    "mae": 0.01139536950386039,
    "rmse": 0.018231182207986415,
    "r2": 0.8126526748236869,
    "directional_accuracy": 0.8774703557312253,
    "mean_predicted_return": 0.0009900013560095553,
    "mean_actual_return": 0.0010718414254439878,
    "notes": null,
    "precision": null,
    "recall": null,
    "f1": null,
    "roc_auc": null
  },
  "lightgbm": {
    "model_name": "LightGBM",
    "mae": 0.01004204583082907,
    "rmse": 0.01678078981937966,
    "r2": 0.8412759890710813,
    "directional_accuracy": 0.9130434782608695,
    "mean_predicted_return": 0.001393880474029978,
    "mean_actual_return": 0.0010718414254439878,
    "notes": null,
    "precision": null,
    "recall": null,
    "f1": null,
    "roc_auc": null
  },
  "xgboost": {
    "model_name": "XGBoost",
    "mae": 0.006624188732461749,
    "rmse": 0.010547344871911944,
    "r2": 0.9372947177616638,
    "directional_accuracy": 0.9288537549407114,
    "mean_predicted_return": 0.0010143668623641133,
    "mean_actual_return": 0.0010718414254439878,
    "notes": null,
    "precision": null,
    "recall": null,
    "f1": null,
    "roc_auc": null
  },
  "stacked_blend": {
    "model_name": "StackedBlend",
    "mae": 0.007741192330233051,
    "rmse": 0.011731138405897732,
    "r2": 0.9224292212979905,
    "directional_accuracy": 0.9209486166007905,
    "mean_predicted_return": 0.0011564633971674516,
    "mean_actual_return": 0.0010718414254439878,
    "notes": null,
    "precision": null,
    "recall": null,
    "f1": null,
    "roc_auc": null
  }
}