{
  "random_forest": {
    "model_name": "RandomForest",
    "mae": 0.01957051591071558,
    "rmse": 0.04126351290926489,
    "r2": 0.6689370912415684,
    "directional_accuracy": 0.8979591836734694,
    "mean_predicted_return": -0.0048529541734559,
    "mean_actual_return": -0.007677648881983487,
    "notes": null,
    "precision": null,
    "recall": null,
    "f1": null,
    "roc_auc": null
  },
  "lightgbm": {
    "model_name": "LightGBM",
    "mae": 0.038084067161397346,
    "rmse": 0.06519543633681174,
    "r2": 0.1735577286814134,
    "directional_accuracy": 0.8979591836734694,
    "mean_predicted_return": -0.0008931116050101299,
    "mean_actual_return": -0.007677648881983487,
    "notes": null,
    "precision": null,
    "recall": null,
    "f1": null,
    "roc_auc": null
  },
  "xgboost": {
    "model_name": "XGBoost",
    "mae": 0.016274945805674866,
    "rmse": 0.03064636640667871,
    "r2": 0.8173851422249884,
    "directional_accuracy": 0.8571428571428571,
    "mean_predicted_return": -0.006185875274240971,
    "mean_actual_return": -0.007677648881983487,
    "notes": null,
    "precision": null,
    "recall": null,
    "f1": null,
    "roc_auc": null
  },
  "stacked_blend": {
    "model_name": "StackedBlend",
    "mae": 0.026744030019629033,
    "rmse": 0.049551812192875765,
    "r2": 0.5225837315067796,
    "directional_accuracy": 0.8775510204081632,
    "mean_predicted_return": -0.002442357962079225,
    "mean_actual_return": -0.007677648881983487,
    "notes": null,
    "precision": null,
    "recall": null,
    "f1": null,
    "roc_auc": null
  }
}