{
  "random_forest": {
    "model_name": "RandomForest",
    "mae": 0.037287465244287415,
    "rmse": 0.07753016554806336,
    "r2": 0.788074326636242,
    "directional_accuracy": 0.9547511312217195,
    "mean_predicted_return": 0.012415570999588406,
    "mean_actual_return": 0.011062179784788382,
    "notes": null,
    "precision": null,
    "recall": null,
    "f1": null,
    "roc_auc": null
  },
  "lightgbm": {
    "model_name": "LightGBM",
    "mae": 0.04261575357719863,
    "rmse": 0.0915335150485978,
    "r2": 0.704605483002123,
    "directional_accuracy": 0.9230769230769231,
    "mean_predicted_return": 0.022206277174518067,
    "mean_actual_return": 0.011062179784788382,
    "notes": null,
    "precision": null,
    "recall": null,
    "f1": null,
    "roc_auc": null
  },
  "xgboost": {
    "model_name": "XGBoost",
    "mae": 0.03702310591762698,
    "rmse": 0.08102034782646353,
    "r2": 0.768564297824973,
    "directional_accuracy": 0.9049773755656109,
    "mean_predicted_return": 0.017954956740140915,
    "mean_actual_return": 0.011062179784788382,
    "notes": null,
    "precision": null,
    "recall": null,
    "f1": null,
    "roc_auc": null
  },
  "stacked_blend": {
    "model_name": "StackedBlend",
    "mae": 0.037076904750319294,
    "rmse": 0.07912281191488671,
    "r2": 0.7792780240942982,
    "directional_accuracy": 0.9321266968325792,
    "mean_predicted_return": 0.017674648286098323,
    "mean_actual_return": 0.011062179784788382,
    "notes": null,
    "precision": null,
    "recall": null,
    "f1": null,
    "roc_auc": null
  }
}