{
  "random_forest": {
    "model_name": "RandomForest",
    "mae": 0.04420687257590095,
    "rmse": 0.08242796121918129,
    "r2": 0.7258062818200683,
    "directional_accuracy": 0.9140271493212669,
    "mean_predicted_return": 0.007068901632738432,
    "mean_actual_return": 0.028655137987318766,
    "notes": null,
    "precision": null,
    "recall": null,
    "f1": null,
    "roc_auc": null
  },
  "lightgbm": {
    "model_name": "LightGBM",
    "mae": 0.04421077285729834,
    "rmse": 0.08151925693553867,
    "r2": 0.7318185038684561,
    "directional_accuracy": 0.918552036199095,
    "mean_predicted_return": 0.011921742857607592,
    "mean_actual_return": 0.028655137987318766,
    "notes": null,
    "precision": null,
    "recall": null,
    "f1": null,
    "roc_auc": null
  },
  "xgboost": {
    "model_name": "XGBoost",
    "mae": 0.040700441601761894,
    "rmse": 0.07457060266389522,
    "r2": 0.7755892327453272,
    "directional_accuracy": 0.9230769230769231,
    "mean_predicted_return": 0.010427718050777912,
    "mean_actual_return": 0.028655137987318766,
    "notes": null,
    "precision": null,
    "recall": null,
    "f1": null,
    "roc_auc": null
  },
  "stacked_blend": {
    "model_name": "StackedBlend",
    "mae": 0.040455020770250684,
    "rmse": 0.07517990123047677,
    "r2": 0.7719070373255503,
    "directional_accuracy": 0.9321266968325792,
    "mean_predicted_return": 0.010128950586797268,
    "mean_actual_return": 0.028655137987318766,
    "notes": null,
    "precision": null,
    "recall": null,
    "f1": null,
    "roc_auc": null
  }
}