{
  "random_forest": {
    "model_name": "RandomForest",
    "mae": 0.01928077609330324,
    "rmse": 0.027063313557653592,
    "r2": -0.0032417158234077093,
    "directional_accuracy": 0.5198019801980198,
    "mean_predicted_return": 0.001031797150146422,
    "mean_actual_return": 0.0025701843179223977,
    "notes": null,
    "precision": null,
    "recall": null,
    "f1": null,
    "roc_auc": null
  },
  "lightgbm": {
    "model_name": "LightGBM",
    "mae": 0.005440939422944533,
    "rmse": 0.008784832488147954,
    "r2": 0.8942913289722695,
    "directional_accuracy": 0.9405940594059405,
    "mean_predicted_return": 0.002111109910040708,
    "mean_actual_return": 0.0025701843179223977,
    "notes": null,
    "precision": null,
    "recall": null,
    "f1": null,
    "roc_auc": null
  },
  "xgboost": {
    "model_name": "XGBoost",
    "mae": 0.007354319571550882,
    "rmse": 0.01344056962226261,
    "r2": 0.7525548229981334,
    "directional_accuracy": 0.9257425742574258,
    "mean_predicted_return": 0.001688891090452671,
    "mean_actual_return": 0.0025701843179223977,
    "notes": null,
    "precision": null,
    "recall": null,
    "f1": null,
    "roc_auc": null
  },
  "stacked_blend": {
    "model_name": "StackedBlend",
    "mae": 0.0061613444418107365,
    "rmse": 0.010977162663206893,
    "r2": 0.8349468401227547,
    "directional_accuracy": 0.9455445544554455,
    "mean_predicted_return": 0.002570184317922397,
    "mean_actual_return": 0.0025701843179223977,
    "notes": null,
    "precision": null,
    "recall": null,
    "f1": null,
    "roc_auc": null
  }
}