{
  "random_forest": {
    "model_name": "RandomForest",
    "mae": 0.011395586349738028,
    "rmse": 0.017453300097710688,
    "r2": 0.5960275342694923,
    "directional_accuracy": 0.8795518207282913,
    "mean_predicted_return": 0.001437145423148589,
    "mean_actual_return": 0.0026767525974436433,
    "notes": null,
    "precision": null,
    "recall": null,
    "f1": null,
    "roc_auc": null
  },
  "lightgbm": {
    "model_name": "LightGBM",
    "mae": 0.007320945890894759,
    "rmse": 0.01201959022417845,
    "r2": 0.8084086152042301,
    "directional_accuracy": 0.907563025210084,
    "mean_predicted_return": 0.0018197104360607398,
    "mean_actual_return": 0.0026767525974436433,
    "notes": null,
    "precision": null,
    "recall": null,
    "f1": null,
    "roc_auc": null
  },
  "xgboost": {
    "model_name": "XGBoost",
    "mae": 0.005269121751503879,
    "rmse": 0.007373684207163581,
    "r2": 0.9278949435632201,
    "directional_accuracy": 0.9327731092436975,
    "mean_predicted_return": 0.0018386701121926308,
    "mean_actual_return": 0.0026767525974436433,
    "notes": null,
    "precision": null,
    "recall": null,
    "f1": null,
    "roc_auc": null
  },
  "stacked_blend": {
    "model_name": "StackedBlend",
    "mae": 0.006600707651834708,
    "rmse": 0.010994227522304828,
    "r2": 0.8397027420079238,
    "directional_accuracy": 0.9215686274509803,
    "mean_predicted_return": 0.0016646506385447628,
    "mean_actual_return": 0.0026767525974436433,
    "notes": null,
    "precision": null,
    "recall": null,
    "f1": null,
    "roc_auc": null
  }
}