{
  "random_forest": {
    "model_name": "RandomForest",
    "mae": 0.01686220100638859,
    "rmse": 0.03502086663643152,
    "r2": 0.46161760767468074,
    "directional_accuracy": 0.8955223880597015,
    "mean_predicted_return": 8.55771339247021e-05,
    "mean_actual_return": -0.004063161209746915,
    "notes": null,
    "precision": null,
    "recall": null,
    "f1": null,
    "roc_auc": null
  },
  "lightgbm": {
    "model_name": "LightGBM",
    "mae": 0.027043406981433312,
    "rmse": 0.04370983841886606,
    "r2": 0.1613215730919192,
    "directional_accuracy": 0.8955223880597015,
    "mean_predicted_return": -7.948997781752892e-05,
    "mean_actual_return": -0.004063161209746915,
    "notes": null,
    "precision": null,
    "recall": null,
    "f1": null,
    "roc_auc": null
  },
  "xgboost": {
    "model_name": "XGBoost",
    "mae": 0.01212295021037145,
    "rmse": 0.024586047852475628,
    "r2": 0.7346527964926264,
    "directional_accuracy": 0.9552238805970149,
    "mean_predicted_return": 0.00036607065703719854,
    "mean_actual_return": -0.004063161209746915,
    "notes": null,
    "precision": null,
    "recall": null,
    "f1": null,
    "roc_auc": null
  },
  "stacked_blend": {
    "model_name": "StackedBlend",
    "mae": 0.02207978903924924,
    "rmse": 0.0377274967517911,
    "r2": 0.37518269311848407,
    "directional_accuracy": 0.8955223880597015,
    "mean_predicted_return": 4.3646243186490824e-05,
    "mean_actual_return": -0.004063161209746915,
    "notes": null,
    "precision": null,
    "recall": null,
    "f1": null,
    "roc_auc": null
  }
}