{
  "random_forest": {
    "model_name": "RandomForest",
    "mae": 0.025424856172168067,
    "rmse": 0.039455778423722374,
    "r2": 0.8404649672760507,
    "directional_accuracy": 0.8305084745762712,
    "mean_predicted_return": -0.030379820357374177,
    "mean_actual_return": -0.02799140345282485,
    "notes": null,
    "precision": null,
    "recall": null,
    "f1": null,
    "roc_auc": null
  },
  "lightgbm": {
    "model_name": "LightGBM",
    "mae": 0.029559064083334793,
    "rmse": 0.04960273242827006,
    "r2": 0.7478575111581833,
    "directional_accuracy": 0.8305084745762712,
    "mean_predicted_return": -0.020196846938434685,
    "mean_actual_return": -0.02799140345282485,
    "notes": null,
    "precision": null,
    "recall": null,
    "f1": null,
    "roc_auc": null
  },
  "xgboost": {
    "model_name": "XGBoost",
    "mae": 0.021615897157468967,
    "rmse": 0.03566646601056092,
    "r2": 0.8696368058171816,
    "directional_accuracy": 0.8813559322033898,
    "mean_predicted_return": -0.027964312583208084,
    "mean_actual_return": -0.02799140345282485,
    "notes": null,
    "precision": null,
    "recall": null,
    "f1": null,
    "roc_auc": null
  },
  "stacked_blend": {
    "model_name": "StackedBlend",
    "mae": 0.025303506158675288,
    "rmse": 0.04185482999850436,
    "r2": 0.8204745606124535,
    "directional_accuracy": 0.7966101694915254,
    "mean_predicted_return": -0.02429018615354437,
    "mean_actual_return": -0.02799140345282485,
    "notes": null,
    "precision": null,
    "recall": null,
    "f1": null,
    "roc_auc": null
  }
}