{
  "random_forest": {
    "model_name": "RandomForest",
    "mae": 0.012023583291800853,
    "rmse": 0.01924671954033813,
    "r2": 0.7276838707674427,
    "directional_accuracy": 0.9202898550724637,
    "mean_predicted_return": 0.0018909658308815407,
    "mean_actual_return": -0.001629402385109578,
    "notes": null,
    "precision": null,
    "recall": null,
    "f1": null,
    "roc_auc": null
  },
  "lightgbm": {
    "model_name": "LightGBM",
    "mae": 0.010661776413566847,
    "rmse": 0.01679341261764324,
    "r2": 0.7926816006447297,
    "directional_accuracy": 0.9202898550724637,
    "mean_predicted_return": 0.001271247247655497,
    "mean_actual_return": -0.001629402385109578,
    "notes": null,
    "precision": null,
    "recall": null,
    "f1": null,
    "roc_auc": null
  },
  "xgboost": {
    "model_name": "XGBoost",
    "mae": 0.008342472924175065,
    "rmse": 0.01247878167035739,
    "r2": 0.8855266737872218,
    "directional_accuracy": 0.9311594202898551,
    "mean_predicted_return": 0.00021042037406004965,
    "mean_actual_return": -0.001629402385109578,
    "notes": null,
    "precision": null,
    "recall": null,
    "f1": null,
    "roc_auc": null
  },
  "stacked_blend": {
    "model_name": "StackedBlend",
    "mae": 0.008848962606695102,
    "rmse": 0.01494953429121901,
    "r2": 0.8357084386782171,
    "directional_accuracy": 0.9347826086956522,
    "mean_predicted_return": 0.0010057360477989912,
    "mean_actual_return": -0.001629402385109578,
    "notes": null,
    "precision": null,
    "recall": null,
    "f1": null,
    "roc_auc": null
  }
}