{
  "random_forest": {
    "model_name": "RandomForest",
    "mae": 0.0072149439443416966,
    "rmse": 0.008284447027316842,
    "r2": 0.8797244925515258,
    "directional_accuracy": 0.9166666666666666,
    "mean_predicted_return": -0.0015600267013405097,
    "mean_actual_return": -0.002046000244737394,
    "notes": null,
    "precision": null,
    "recall": null,
    "f1": null,
    "roc_auc": null
  },
  "lightgbm": {
    "model_name": "LightGBM",
    "mae": 0.01564612401305783,
    "rmse": 0.018985189667019252,
    "r2": 0.3683448698878602,
    "directional_accuracy": 0.7916666666666666,
    "mean_predicted_return": -0.017513602675919924,
    "mean_actual_return": -0.002046000244737394,
    "notes": null,
    "precision": null,
    "recall": null,
    "f1": null,
    "roc_auc": null
  },
  "xgboost": {
    "model_name": "XGBoost",
    "mae": 0.013658470308257948,
    "rmse": 0.016817825565390743,
    "r2": 0.5043331954696164,
    "directional_accuracy": 0.8333333333333334,
    "mean_predicted_return": 0.009479939006268978,
    "mean_actual_return": -0.002046000244737394,
    "notes": null,
    "precision": null,
    "recall": null,
    "f1": null,
    "roc_auc": null
  },
  "stacked_blend": {
    "model_name": "StackedBlend",
    "mae": 0.012189666673819655,
    "rmse": 0.01495462026918189,
    "r2": 0.6080768410810355,
    "directional_accuracy": 0.9583333333333334,
    "mean_predicted_return": -0.0009131301348297606,
    "mean_actual_return": -0.002046000244737394,
    "notes": null,
    "precision": null,
    "recall": null,
    "f1": null,
    "roc_auc": null
  }
}