{
  "random_forest": {
    "model_name": "RandomForest",
    "mae": 0.01884879571012912,
    "rmse": 0.03538762817508203,
    "r2": 0.559187202412021,
    "directional_accuracy": 0.7910447761194029,
    "mean_predicted_return": -0.005309949301326459,
    "mean_actual_return": -0.0037472825931814005,
    "notes": null,
    "precision": null,
    "recall": null,
    "f1": null,
    "roc_auc": null
  },
  "lightgbm": {
    "model_name": "LightGBM",
    "mae": 0.025862875776827565,
    "rmse": 0.04546934539704481,
    "r2": 0.272239152654541,
    "directional_accuracy": 0.8656716417910447,
    "mean_predicted_return": -0.001297075957942345,
    "mean_actual_return": -0.0037472825931814005,
    "notes": null,
    "precision": null,
    "recall": null,
    "f1": null,
    "roc_auc": null
  },
  "xgboost": {
    "model_name": "XGBoost",
    "mae": 0.013238443390273294,
    "rmse": 0.023481386639292192,
    "r2": 0.8059119651702364,
    "directional_accuracy": 0.8955223880597015,
    "mean_predicted_return": -0.007601752411574125,
    "mean_actual_return": -0.0037472825931814005,
    "notes": null,
    "precision": null,
    "recall": null,
    "f1": null,
    "roc_auc": null
  },
  "stacked_blend": {
    "model_name": "StackedBlend",
    "mae": 0.021984436985269418,
    "rmse": 0.03855466238604177,
    "r2": 0.4767549934002808,
    "directional_accuracy": 0.8059701492537313,
    "mean_predicted_return": -0.0026130958876121406,
    "mean_actual_return": -0.0037472825931814005,
    "notes": null,
    "precision": null,
    "recall": null,
    "f1": null,
    "roc_auc": null
  }
}