{
  "random_forest": {
    "model_name": "RandomForest",
    "mae": 0.020858288944564266,
    "rmse": 0.028570874325262233,
    "r2": 0.7733164045719945,
    "directional_accuracy": 0.8582677165354331,
    "mean_predicted_return": -0.005822312434845456,
    "mean_actual_return": 0.006239039966335614,
    "notes": null,
    "precision": null,
    "recall": null,
    "f1": null,
    "roc_auc": null
  },
  "lightgbm": {
    "model_name": "LightGBM",
    "mae": 0.01806247357292211,
    "rmse": 0.02318892737494081,
    "r2": 0.8506743714489755,
    "directional_accuracy": 0.9291338582677166,
    "mean_predicted_return": -0.0025634261364962142,
    "mean_actual_return": 0.006239039966335614,
    "notes": null,
    "precision": null,
    "recall": null,
    "f1": null,
    "roc_auc": null
  },
  "xgboost": {
    "model_name": "XGBoost",
    "mae": 0.018746929929616515,
    "rmse": 0.02353024487034437,
    "r2": 0.8462461766219914,
    "directional_accuracy": 0.952755905511811,
    "mean_predicted_return": 0.000822099857032299,
    "mean_actual_return": 0.006239039966335614,
    "notes": null,
    "precision": null,
    "recall": null,
    "f1": null,
    "roc_auc": null
  },
  "stacked_blend": {
    "model_name": "StackedBlend",
    "mae": 0.01593264899562354,
    "rmse": 0.020971191356920948,
    "r2": 0.8778708774581776,
    "directional_accuracy": 0.952755905511811,
    "mean_predicted_return": 0.006239039966335613,
    "mean_actual_return": 0.006239039966335614,
    "notes": null,
    "precision": null,
    "recall": null,
    "f1": null,
    "roc_auc": null
  }
}