{
  "random_forest": {
    "model_name": "RandomForest",
    "mae": 0.005895581893732716,
    "rmse": 0.010024929392750393,
    "r2": 0.8371422230479505,
    "directional_accuracy": 0.9935897435897436,
    "mean_predicted_return": 0.005457808408490887,
    "mean_actual_return": 0.0060129957602045305,
    "notes": null,
    "precision": null,
    "recall": null,
    "f1": null,
    "roc_auc": null
  },
  "lightgbm": {
    "model_name": "LightGBM",
    "mae": 0.0059391207345083005,
    "rmse": 0.00997593951355728,
    "r2": 0.8387300423940167,
    "directional_accuracy": 0.9935897435897436,
    "mean_predicted_return": 0.005912772107595768,
    "mean_actual_return": 0.0060129957602045305,
    "notes": null,
    "precision": null,
    "recall": null,
    "f1": null,
    "roc_auc": null
  },
  "xgboost": {
    "model_name": "XGBoost",
    "mae": 0.006028462332397759,
    "rmse": 0.009915119442168479,
    "r2": 0.840690469449356,
    "directional_accuracy": 0.9743589743589743,
    "mean_predicted_return": 0.004574495833367109,
    "mean_actual_return": 0.0060129957602045305,
    "notes": null,
    "precision": null,
    "recall": null,
    "f1": null,
    "roc_auc": null
  },
  "stacked_blend": {
    "model_name": "StackedBlend",
    "mae": 0.005722310075200451,
    "rmse": 0.009822286700500274,
    "r2": 0.8436596534516565,
    "directional_accuracy": 0.9935897435897436,
    "mean_predicted_return": 0.005315025493971169,
    "mean_actual_return": 0.0060129957602045305,
    "notes": null,
    "precision": null,
    "recall": null,
    "f1": null,
    "roc_auc": null
  }
}