{
  "random_forest": {
    "model_name": "RandomForest",
    "mae": 0.019710731517426135,
    "rmse": 0.025885513401042125,
    "r2": -0.02313650941690959,
    "directional_accuracy": 0.6153846153846154,
    "mean_predicted_return": 0.002333726122653487,
    "mean_actual_return": 0.006226318347705849,
    "notes": null,
    "precision": null,
    "recall": null,
    "f1": null,
    "roc_auc": null
  },
  "lightgbm": {
    "model_name": "LightGBM",
    "mae": 0.008298977003953567,
    "rmse": 0.013769174131142035,
    "r2": 0.710508510552377,
    "directional_accuracy": 0.9846153846153847,
    "mean_predicted_return": 0.0034451417862249745,
    "mean_actual_return": 0.006226318347705849,
    "notes": null,
    "precision": null,
    "recall": null,
    "f1": null,
    "roc_auc": null
  },
  "xgboost": {
    "model_name": "XGBoost",
    "mae": 0.013163620866570767,
    "rmse": 0.019719746289073675,
    "r2": 0.40622396902166436,
    "directional_accuracy": 0.9923076923076923,
    "mean_predicted_return": 0.0029765977524220943,
    "mean_actual_return": 0.006226318347705849,
    "notes": null,
    "precision": null,
    "recall": null,
    "f1": null,
    "roc_auc": null
  },
  "stacked_blend": {
    "model_name": "StackedBlend",
    "mae": 0.010988252667603622,
    "rmse": 0.017303144839256025,
    "r2": 0.542838022617602,
    "directional_accuracy": 0.9769230769230769,
    "mean_predicted_return": 0.006226318347705849,
    "mean_actual_return": 0.006226318347705849,
    "notes": null,
    "precision": null,
    "recall": null,
    "f1": null,
    "roc_auc": null
  }
}