{
  "random_forest": {
    "model_name": "RandomForest",
    "mae": 0.02651064678019903,
    "rmse": 0.03956867021476241,
    "r2": 0.8389590003693636,
    "directional_accuracy": 0.8805970149253731,
    "mean_predicted_return": -0.01678889434451477,
    "mean_actual_return": -0.011479613544804762,
    "notes": null,
    "precision": null,
    "recall": null,
    "f1": null,
    "roc_auc": null
  },
  "lightgbm": {
    "model_name": "LightGBM",
    "mae": 0.031676614557988925,
    "rmse": 0.04795246824892588,
    "r2": 0.76348674763444,
    "directional_accuracy": 0.8805970149253731,
    "mean_predicted_return": -0.012660460538813464,
    "mean_actual_return": -0.011479613544804762,
    "notes": null,
    "precision": null,
    "recall": null,
    "f1": null,
    "roc_auc": null
  },
  "xgboost": {
    "model_name": "XGBoost",
    "mae": 0.023081728019689118,
    "rmse": 0.034451842724705056,
    "r2": 0.8779160817837909,
    "directional_accuracy": 0.8955223880597015,
    "mean_predicted_return": -0.018808340653777122,
    "mean_actual_return": -0.011479613544804762,
    "notes": null,
    "precision": null,
    "recall": null,
    "f1": null,
    "roc_auc": null
  },
  "stacked_blend": {
    "model_name": "StackedBlend",
    "mae": 0.02493444239623718,
    "rmse": 0.04012344020520591,
    "r2": 0.8344116142076464,
    "directional_accuracy": 0.8955223880597015,
    "mean_predicted_return": -0.014739671516259923,
    "mean_actual_return": -0.011479613544804762,
    "notes": null,
    "precision": null,
    "recall": null,
    "f1": null,
    "roc_auc": null
  }
}