{
  "random_forest": {
    "model_name": "RandomForest",
    "mae": 0.022008301414656133,
    "rmse": 0.04064290452197933,
    "r2": 0.7585865705267378,
    "directional_accuracy": 0.9104477611940298,
    "mean_predicted_return": -0.005058316008749115,
    "mean_actual_return": -0.012970654009325839,
    "notes": null,
    "precision": null,
    "recall": null,
    "f1": null,
    "roc_auc": null
  },
  "lightgbm": {
    "model_name": "LightGBM",
    "mae": 0.024223392237930828,
    "rmse": 0.04778106428882753,
    "r2": 0.6663404268659214,
    "directional_accuracy": 0.8805970149253731,
    "mean_predicted_return": -0.00024325988434774907,
    "mean_actual_return": -0.012970654009325839,
    "notes": null,
    "precision": null,
    "recall": null,
    "f1": null,
    "roc_auc": null
  },
  "xgboost": {
    "model_name": "XGBoost",
    "mae": 0.019679028835612594,
    "rmse": 0.03752514916352186,
    "r2": 0.7942040583480562,
    "directional_accuracy": 0.9104477611940298,
    "mean_predicted_return": -0.003651989623904228,
    "mean_actual_return": -0.012970654009325839,
    "notes": null,
    "precision": null,
    "recall": null,
    "f1": null,
    "roc_auc": null
  },
  "stacked_blend": {
    "model_name": "StackedBlend",
    "mae": 0.019722455609119366,
    "rmse": 0.041740526729261436,
    "r2": 0.7453710366274475,
    "directional_accuracy": 0.9104477611940298,
    "mean_predicted_return": -0.0031549347353781888,
    "mean_actual_return": -0.012970654009325839,
    "notes": null,
    "precision": null,
    "recall": null,
    "f1": null,
    "roc_auc": null
  }
}