{
  "random_forest": {
    "model_name": "RandomForest",
    "mae": 0.013138915248694937,
    "rmse": 0.02334782723316057,
    "r2": 0.7857336181647602,
    "directional_accuracy": 0.900990099009901,
    "mean_predicted_return": 0.0029274770096489808,
    "mean_actual_return": 0.0016194757379132563,
    "notes": null,
    "precision": null,
    "recall": null,
    "f1": null,
    "roc_auc": null
  },
  "lightgbm": {
    "model_name": "LightGBM",
    "mae": 0.010397625554590742,
    "rmse": 0.01830963946661753,
    "r2": 0.8682287458189571,
    "directional_accuracy": 0.9306930693069307,
    "mean_predicted_return": 0.0004174948615671854,
    "mean_actual_return": 0.0016194757379132563,
    "notes": null,
    "precision": null,
    "recall": null,
    "f1": null,
    "roc_auc": null
  },
  "xgboost": {
    "model_name": "XGBoost",
    "mae": 0.009573953558006549,
    "rmse": 0.015834694695854152,
    "r2": 0.9014445869084383,
    "directional_accuracy": 0.9405940594059405,
    "mean_predicted_return": 0.00028835798730142415,
    "mean_actual_return": 0.0016194757379132563,
    "notes": null,
    "precision": null,
    "recall": null,
    "f1": null,
    "roc_auc": null
  },
  "stacked_blend": {
    "model_name": "StackedBlend",
    "mae": 0.0098859758616086,
    "rmse": 0.01689456460613353,
    "r2": 0.8878097535766771,
    "directional_accuracy": 0.9554455445544554,
    "mean_predicted_return": 0.0016194757379132563,
    "mean_actual_return": 0.0016194757379132563,
    "notes": null,
    "precision": null,
    "recall": null,
    "f1": null,
    "roc_auc": null
  }
}