{
  "random_forest": {
    "model_name": "RandomForest",
    "mae": 0.023779602729610886,
    "rmse": 0.04516167372900066,
    "r2": 0.7360956320478547,
    "directional_accuracy": 0.8960396039603961,
    "mean_predicted_return": -2.863577218789796e-05,
    "mean_actual_return": 0.003111869010263384,
    "notes": null,
    "precision": null,
    "recall": null,
    "f1": null,
    "roc_auc": null
  },
  "lightgbm": {
    "model_name": "LightGBM",
    "mae": 0.02048715863646825,
    "rmse": 0.04014746566335995,
    "r2": 0.7914439506979352,
    "directional_accuracy": 0.9207920792079208,
    "mean_predicted_return": -0.004706060160253589,
    "mean_actual_return": 0.003111869010263384,
    "notes": null,
    "precision": null,
    "recall": null,
    "f1": null,
    "roc_auc": null
  },
  "xgboost": {
    "model_name": "XGBoost",
    "mae": 0.022066402880667437,
    "rmse": 0.04342754380943229,
    "r2": 0.7559734641411396,
    "directional_accuracy": 0.8960396039603961,
    "mean_predicted_return": -0.0035939158406108618,
    "mean_actual_return": 0.003111869010263384,
    "notes": null,
    "precision": null,
    "recall": null,
    "f1": null,
    "roc_auc": null
  },
  "stacked_blend": {
    "model_name": "StackedBlend",
    "mae": 0.02275925526674196,
    "rmse": 0.03972249582402128,
    "r2": 0.7958358068228357,
    "directional_accuracy": 0.8861386138613861,
    "mean_predicted_return": 0.0031118690102633806,
    "mean_actual_return": 0.003111869010263384,
    "notes": null,
    "precision": null,
    "recall": null,
    "f1": null,
    "roc_auc": null
  }
}