{
  "random_forest": {
    "model_name": "RandomForest",
    "mae": 0.05159114176775038,
    "rmse": 0.07022336351488893,
    "r2": -0.0001612242203068437,
    "directional_accuracy": 0.5706214689265536,
    "mean_predicted_return": 0.006322114153131978,
    "mean_actual_return": 0.007213697120661867,
    "notes": null,
    "precision": null,
    "recall": null,
    "f1": null,
    "roc_auc": null
  },
  "lightgbm": {
    "model_name": "LightGBM",
    "mae": 0.019388692846761434,
    "rmse": 0.029536396718576958,
    "r2": 0.8230617270185653,
    "directional_accuracy": 0.9067796610169492,
    "mean_predicted_return": 0.006695015792623229,
    "mean_actual_return": 0.007213697120661867,
    "notes": null,
    "precision": null,
    "recall": null,
    "f1": null,
    "roc_auc": null
  },
  "xgboost": {
    "model_name": "XGBoost",
    "mae": 0.019294273762960258,
    "rmse": 0.030367808487846735,
    "r2": 0.8129603579922825,
    "directional_accuracy": 0.9067796610169492,
    "mean_predicted_return": 0.006721144542098045,
    "mean_actual_return": 0.007213697120661867,
    "notes": null,
    "precision": null,
    "recall": null,
    "f1": null,
    "roc_auc": null
  },
  "stacked_blend": {
    "model_name": "StackedBlend",
    "mae": 0.019631423896236833,
    "rmse": 0.02925361385526258,
    "r2": 0.8264335392726259,
    "directional_accuracy": 0.9067796610169492,
    "mean_predicted_return": 0.007213697120661869,
    "mean_actual_return": 0.007213697120661867,
    "notes": null,
    "precision": null,
    "recall": null,
    "f1": null,
    "roc_auc": null
  }
}