{
  "random_forest": {
    "model_name": "RandomForest",
    "mae": 0.0251230136850899,
    "rmse": 0.036659514712233054,
    "r2": 0.8550745750246236,
    "directional_accuracy": 0.9714285714285714,
    "mean_predicted_return": -0.004367746339819282,
    "mean_actual_return": -0.021865158821005176,
    "notes": null,
    "precision": null,
    "recall": null,
    "f1": null,
    "roc_auc": null
  },
  "lightgbm": {
    "model_name": "LightGBM",
    "mae": 0.04507828168425952,
    "rmse": 0.06378960699797971,
    "r2": 0.5611955609295964,
    "directional_accuracy": 0.9714285714285714,
    "mean_predicted_return": 0.0033084657094365312,
    "mean_actual_return": -0.021865158821005176,
    "notes": null,
    "precision": null,
    "recall": null,
    "f1": null,
    "roc_auc": null
  },
  "xgboost": {
    "model_name": "XGBoost",
    "mae": 0.023099796610738757,
    "rmse": 0.030071202682101953,
    "r2": 0.9024847013846607,
    "directional_accuracy": 0.9714285714285714,
    "mean_predicted_return": -0.01752961426973343,
    "mean_actual_return": -0.021865158821005176,
    "notes": null,
    "precision": null,
    "recall": null,
    "f1": null,
    "roc_auc": null
  },
  "stacked_blend": {
    "model_name": "StackedBlend",
    "mae": 0.036565088271628556,
    "rmse": 0.05120589369683596,
    "r2": 0.717244500914743,
    "directional_accuracy": 0.9714285714285714,
    "mean_predicted_return": -0.004208699860780183,
    "mean_actual_return": -0.021865158821005176,
    "notes": null,
    "precision": null,
    "recall": null,
    "f1": null,
    "roc_auc": null
  }
}