{
  "random_forest": {
    "model_name": "RandomForest",
    "mae": 0.014671368637400343,
    "rmse": 0.02594364575959772,
    "r2": 0.4406437041911718,
    "directional_accuracy": 0.9613259668508287,
    "mean_predicted_return": -3.37030034433083e-05,
    "mean_actual_return": -0.0007064451297983783,
    "notes": null,
    "precision": null,
    "recall": null,
    "f1": null,
    "roc_auc": null
  },
  "lightgbm": {
    "model_name": "LightGBM",
    "mae": 0.009955242320973733,
    "rmse": 0.020939966856963425,
    "r2": 0.6355998903017968,
    "directional_accuracy": 0.9502762430939227,
    "mean_predicted_return": -0.000340721384190318,
    "mean_actual_return": -0.0007064451297983783,
    "notes": null,
    "precision": null,
    "recall": null,
    "f1": null,
    "roc_auc": null
  },
  "xgboost": {
    "model_name": "XGBoost",
    "mae": 0.00604714750993753,
    "rmse": 0.009874374957038542,
    "r2": 0.9189700169205934,
    "directional_accuracy": 0.9585635359116023,
    "mean_predicted_return": -0.00028702549752779305,
    "mean_actual_return": -0.0007064451297983783,
    "notes": null,
    "precision": null,
    "recall": null,
    "f1": null,
    "roc_auc": null
  },
  "stacked_blend": {
    "model_name": "StackedBlend",
    "mae": 0.009595402810348645,
    "rmse": 0.018628250198195567,
    "r2": 0.7116163436528782,
    "directional_accuracy": 0.9585635359116023,
    "mean_predicted_return": -0.00033509876593644587,
    "mean_actual_return": -0.0007064451297983783,
    "notes": null,
    "precision": null,
    "recall": null,
    "f1": null,
    "roc_auc": null
  }
}