{
  "random_forest": {
    "model_name": "RandomForest",
    "mae": 0.03353083524161222,
    "rmse": 0.053928907878467915,
    "r2": 0.8074285265565216,
    "directional_accuracy": 0.9387755102040817,
    "mean_predicted_return": -0.014329640155207686,
    "mean_actual_return": -0.032309911268351595,
    "notes": null,
    "precision": null,
    "recall": null,
    "f1": null,
    "roc_auc": null
  },
  "lightgbm": {
    "model_name": "LightGBM",
    "mae": 0.041625550202258374,
    "rmse": 0.07067377037951145,
    "r2": 0.6692763709769673,
    "directional_accuracy": 0.9387755102040817,
    "mean_predicted_return": -0.007340831564231377,
    "mean_actual_return": -0.032309911268351595,
    "notes": null,
    "precision": null,
    "recall": null,
    "f1": null,
    "roc_auc": null
  },
  "xgboost": {
    "model_name": "XGBoost",
    "mae": 0.03458840783315506,
    "rmse": 0.05063089318302946,
    "r2": 0.8302616874685004,
    "directional_accuracy": 0.9387755102040817,
    "mean_predicted_return": -0.037636879831552505,
    "mean_actual_return": -0.032309911268351595,
    "notes": null,
    "precision": null,
    "recall": null,
    "f1": null,
    "roc_auc": null
  },
  "stacked_blend": {
    "model_name": "StackedBlend",
    "mae": 0.030735452626703085,
    "rmse": 0.0545923218994604,
    "r2": 0.8026614946903405,
    "directional_accuracy": 0.9387755102040817,
    "mean_predicted_return": -0.022012199522962527,
    "mean_actual_return": -0.032309911268351595,
    "notes": null,
    "precision": null,
    "recall": null,
    "f1": null,
    "roc_auc": null
  }
}