{
  "random_forest": {
    "model_name": "RandomForest",
    "mae": 0.031126120356531,
    "rmse": 0.04498431720700285,
    "r2": 0.8464254525661965,
    "directional_accuracy": 0.8732394366197183,
    "mean_predicted_return": 0.008533617349105006,
    "mean_actual_return": 0.01465389234554562,
    "notes": null,
    "precision": null,
    "recall": null,
    "f1": null,
    "roc_auc": null
  },
  "lightgbm": {
    "model_name": "LightGBM",
    "mae": 0.028168634113142115,
    "rmse": 0.04360543241412554,
    "r2": 0.8556960651950785,
    "directional_accuracy": 0.9154929577464789,
    "mean_predicted_return": 0.005678519832332707,
    "mean_actual_return": 0.01465389234554562,
    "notes": null,
    "precision": null,
    "recall": null,
    "f1": null,
    "roc_auc": null
  },
  "xgboost": {
    "model_name": "XGBoost",
    "mae": 0.026470385703285807,
    "rmse": 0.03618024869113044,
    "r2": 0.9006563588458524,
    "directional_accuracy": 0.9014084507042254,
    "mean_predicted_return": 0.01571682281792164,
    "mean_actual_return": 0.01465389234554562,
    "notes": null,
    "precision": null,
    "recall": null,
    "f1": null,
    "roc_auc": null
  },
  "stacked_blend": {
    "model_name": "StackedBlend",
    "mae": 0.025914879933075903,
    "rmse": 0.03690457367020836,
    "r2": 0.8966388426468838,
    "directional_accuracy": 0.8779342723004695,
    "mean_predicted_return": 0.012158557012094158,
    "mean_actual_return": 0.01465389234554562,
    "notes": null,
    "precision": null,
    "recall": null,
    "f1": null,
    "roc_auc": null
  }
}