{
  "random_forest": {
    "model_name": "RandomForest",
    "mae": 0.015676970977321233,
    "rmse": 0.026540864477182867,
    "r2": 0.7326102004127082,
    "directional_accuracy": 0.9428571428571428,
    "mean_predicted_return": -0.003159300851659732,
    "mean_actual_return": -0.007320217112888159,
    "notes": null,
    "precision": null,
    "recall": null,
    "f1": null,
    "roc_auc": null
  },
  "lightgbm": {
    "model_name": "LightGBM",
    "mae": 0.03577031198388393,
    "rmse": 0.04666113798075746,
    "r2": 0.17353330048286986,
    "directional_accuracy": 0.9428571428571428,
    "mean_predicted_return": 0.0011023576259256806,
    "mean_actual_return": -0.007320217112888159,
    "notes": null,
    "precision": null,
    "recall": null,
    "f1": null,
    "roc_auc": null
  },
  "xgboost": {
    "model_name": "XGBoost",
    "mae": 0.01269012178819285,
    "rmse": 0.021409508942681187,
    "r2": 0.8260084650662076,
    "directional_accuracy": 0.9714285714285714,
    "mean_predicted_return": -0.008027829229831696,
    "mean_actual_return": -0.007320217112888159,
    "notes": null,
    "precision": null,
    "recall": null,
    "f1": null,
    "roc_auc": null
  },
  "stacked_blend": {
    "model_name": "StackedBlend",
    "mae": 0.03195685132819046,
    "rmse": 0.041262952528910095,
    "r2": 0.35369828637298517,
    "directional_accuracy": 0.9714285714285714,
    "mean_predicted_return": -0.0002080509760733953,
    "mean_actual_return": -0.007320217112888159,
    "notes": null,
    "precision": null,
    "recall": null,
    "f1": null,
    "roc_auc": null
  }
}