{
  "random_forest": {
    "model_name": "RandomForest",
    "mae": 0.02671585409713457,
    "rmse": 0.04101758706960963,
    "r2": 0.8391893740362055,
    "directional_accuracy": 0.9375,
    "mean_predicted_return": 0.0096314978336344,
    "mean_actual_return": 0.008718923360441819,
    "notes": null,
    "precision": null,
    "recall": null,
    "f1": null,
    "roc_auc": null
  },
  "lightgbm": {
    "model_name": "LightGBM",
    "mae": 0.02387235095811665,
    "rmse": 0.03443800031994018,
    "r2": 0.8866424694008893,
    "directional_accuracy": 0.9305555555555556,
    "mean_predicted_return": 0.011624410478689427,
    "mean_actual_return": 0.008718923360441819,
    "notes": null,
    "precision": null,
    "recall": null,
    "f1": null,
    "roc_auc": null
  },
  "xgboost": {
    "model_name": "XGBoost",
    "mae": 0.023495627561434432,
    "rmse": 0.034677193770171,
    "r2": 0.8850623229486972,
    "directional_accuracy": 0.9201388888888888,
    "mean_predicted_return": 0.012570224702358246,
    "mean_actual_return": 0.008718923360441819,
    "notes": null,
    "precision": null,
    "recall": null,
    "f1": null,
    "roc_auc": null
  },
  "stacked_blend": {
    "model_name": "StackedBlend",
    "mae": 0.023332545509000054,
    "rmse": 0.03346993148148467,
    "r2": 0.8929259643401571,
    "directional_accuracy": 0.9270833333333334,
    "mean_predicted_return": 0.008718923360441822,
    "mean_actual_return": 0.008718923360441819,
    "notes": null,
    "precision": null,
    "recall": null,
    "f1": null,
    "roc_auc": null
  }
}