{
  "random_forest": {
    "model_name": "RandomForest",
    "mae": 0.02848621239405943,
    "rmse": 0.041224184599131145,
    "r2": 0.8399466893997187,
    "directional_accuracy": 0.931740614334471,
    "mean_predicted_return": 0.005701400318615767,
    "mean_actual_return": 0.001769014712658013,
    "notes": null,
    "precision": null,
    "recall": null,
    "f1": null,
    "roc_auc": null
  },
  "lightgbm": {
    "model_name": "LightGBM",
    "mae": 0.027761156623597013,
    "rmse": 0.04140363266609686,
    "r2": 0.8385502387961132,
    "directional_accuracy": 0.9078498293515358,
    "mean_predicted_return": 0.0056401943852840844,
    "mean_actual_return": 0.001769014712658013,
    "notes": null,
    "precision": null,
    "recall": null,
    "f1": null,
    "roc_auc": null
  },
  "xgboost": {
    "model_name": "XGBoost",
    "mae": 0.025497617615318293,
    "rmse": 0.037546445454527996,
    "r2": 0.8672305457797368,
    "directional_accuracy": 0.9385665529010239,
    "mean_predicted_return": 0.006370438728481531,
    "mean_actual_return": 0.001769014712658013,
    "notes": null,
    "precision": null,
    "recall": null,
    "f1": null,
    "roc_auc": null
  },
  "stacked_blend": {
    "model_name": "StackedBlend",
    "mae": 0.02567760822465452,
    "rmse": 0.037601394029281844,
    "r2": 0.8668416498080744,
    "directional_accuracy": 0.9351535836177475,
    "mean_predicted_return": 0.00593940989407752,
    "mean_actual_return": 0.001769014712658013,
    "notes": null,
    "precision": null,
    "recall": null,
    "f1": null,
    "roc_auc": null
  }
}