{
  "random_forest": {
    "model_name": "RandomForest",
    "mae": 0.015054547060027911,
    "rmse": 0.019629522351801317,
    "r2": 0.7269926915708023,
    "directional_accuracy": 0.8818181818181818,
    "mean_predicted_return": 0.0012762134814881026,
    "mean_actual_return": 0.0018197193804901429,
    "notes": null,
    "precision": null,
    "recall": null,
    "f1": null,
    "roc_auc": null
  },
  "lightgbm": {
    "model_name": "LightGBM",
    "mae": 0.015647112693873668,
    "rmse": 0.02016424701892549,
    "r2": 0.7119162063347381,
    "directional_accuracy": 0.9045454545454545,
    "mean_predicted_return": 0.0012939277297825942,
    "mean_actual_return": 0.0018197193804901429,
    "notes": null,
    "precision": null,
    "recall": null,
    "f1": null,
    "roc_auc": null
  },
  "xgboost": {
    "model_name": "XGBoost",
    "mae": 0.013919650737462914,
    "rmse": 0.018339553705446442,
    "r2": 0.7616954496779713,
    "directional_accuracy": 0.8909090909090909,
    "mean_predicted_return": 0.001789838308468461,
    "mean_actual_return": 0.0018197193804901429,
    "notes": null,
    "precision": null,
    "recall": null,
    "f1": null,
    "roc_auc": null
  },
  "stacked_blend": {
    "model_name": "StackedBlend",
    "mae": 0.014820453065371114,
    "rmse": 0.019244407491801136,
    "r2": 0.7375999593447417,
    "directional_accuracy": 0.8954545454545455,
    "mean_predicted_return": 0.0014795951548461697,
    "mean_actual_return": 0.0018197193804901429,
    "notes": null,
    "precision": null,
    "recall": null,
    "f1": null,
    "roc_auc": null
  }
}