{
  "random_forest": {
    "model_name": "RandomForest",
    "mae": 0.01595889869770188,
    "rmse": 0.029352854796479422,
    "r2": 0.6780107271869431,
    "directional_accuracy": 0.8954545454545455,
    "mean_predicted_return": -0.0002212998997884602,
    "mean_actual_return": 0.0012727236883610725,
    "notes": null,
    "precision": null,
    "recall": null,
    "f1": null,
    "roc_auc": null
  },
  "lightgbm": {
    "model_name": "LightGBM",
    "mae": 0.013711912724981191,
    "rmse": 0.026118345161424816,
    "r2": 0.7450634967424665,
    "directional_accuracy": 0.9363636363636364,
    "mean_predicted_return": -0.0007557588700851279,
    "mean_actual_return": 0.0012727236883610725,
    "notes": null,
    "precision": null,
    "recall": null,
    "f1": null,
    "roc_auc": null
  },
  "xgboost": {
    "model_name": "XGBoost",
    "mae": 0.008785470366994135,
    "rmse": 0.017524843211039535,
    "r2": 0.8852245529020337,
    "directional_accuracy": 0.9318181818181818,
    "mean_predicted_return": -0.00042107346234843135,
    "mean_actual_return": 0.0012727236883610725,
    "notes": null,
    "precision": null,
    "recall": null,
    "f1": null,
    "roc_auc": null
  },
  "stacked_blend": {
    "model_name": "StackedBlend",
    "mae": 0.012662467903260439,
    "rmse": 0.024011537224174647,
    "r2": 0.7845330619609672,
    "directional_accuracy": 0.9272727272727272,
    "mean_predicted_return": -0.00046588078074058314,
    "mean_actual_return": 0.0012727236883610725,
    "notes": null,
    "precision": null,
    "recall": null,
    "f1": null,
    "roc_auc": null
  }
}