{
  "random_forest": {
    "model_name": "RandomForest",
    "mae": 0.014469160767538708,
    "rmse": 0.022590660634006127,
    "r2": 0.7206044498081382,
    "directional_accuracy": 0.8983957219251337,
    "mean_predicted_return": -0.0021145747793171106,
    "mean_actual_return": -0.002592313059850105,
    "notes": null,
    "precision": null,
    "recall": null,
    "f1": null,
    "roc_auc": null
  },
  "lightgbm": {
    "model_name": "LightGBM",
    "mae": 0.012027596229945918,
    "rmse": 0.019530096009717432,
    "r2": 0.7911808235550981,
    "directional_accuracy": 0.8983957219251337,
    "mean_predicted_return": -0.0012089477324738831,
    "mean_actual_return": -0.002592313059850105,
    "notes": null,
    "precision": null,
    "recall": null,
    "f1": null,
    "roc_auc": null
  },
  "xgboost": {
    "model_name": "XGBoost",
    "mae": 0.007593803636611186,
    "rmse": 0.011016353857583643,
    "r2": 0.9335588138628499,
    "directional_accuracy": 0.8983957219251337,
    "mean_predicted_return": -0.003945766948163509,
    "mean_actual_return": -0.002592313059850105,
    "notes": null,
    "precision": null,
    "recall": null,
    "f1": null,
    "roc_auc": null
  },
  "stacked_blend": {
    "model_name": "StackedBlend",
    "mae": 0.010275359353521646,
    "rmse": 0.016140966434852654,
    "r2": 0.8573667786257689,
    "directional_accuracy": 0.8983957219251337,
    "mean_predicted_return": -0.0024869214798191024,
    "mean_actual_return": -0.002592313059850105,
    "notes": null,
    "precision": null,
    "recall": null,
    "f1": null,
    "roc_auc": null
  }
}