{
  "random_forest": {
    "model_name": "RandomForest",
    "mae": 0.029050086813070634,
    "rmse": 0.042659097989974665,
    "r2": 0.8551397092086671,
    "directional_accuracy": 0.8969957081545065,
    "mean_predicted_return": 0.012298822678923243,
    "mean_actual_return": 0.009717792573209365,
    "notes": null,
    "precision": null,
    "recall": null,
    "f1": null,
    "roc_auc": null
  },
  "lightgbm": {
    "model_name": "LightGBM",
    "mae": 0.028320351081820787,
    "rmse": 0.04267360308502089,
    "r2": 0.8550411806594884,
    "directional_accuracy": 0.9227467811158798,
    "mean_predicted_return": 0.0037952659039782967,
    "mean_actual_return": 0.009717792573209365,
    "notes": null,
    "precision": null,
    "recall": null,
    "f1": null,
    "roc_auc": null
  },
  "xgboost": {
    "model_name": "XGBoost",
    "mae": 0.03204824493673242,
    "rmse": 0.04357745010907622,
    "r2": 0.8488355581247407,
    "directional_accuracy": 0.9141630901287554,
    "mean_predicted_return": -0.006311338860541582,
    "mean_actual_return": 0.009717792573209365,
    "notes": null,
    "precision": null,
    "recall": null,
    "f1": null,
    "roc_auc": null
  },
  "stacked_blend": {
    "model_name": "StackedBlend",
    "mae": 0.02938079973126414,
    "rmse": 0.041243801687898374,
    "r2": 0.8645922891393013,
    "directional_accuracy": 0.9141630901287554,
    "mean_predicted_return": -0.00027006363972780715,
    "mean_actual_return": 0.009717792573209365,
    "notes": null,
    "precision": null,
    "recall": null,
    "f1": null,
    "roc_auc": null
  }
}