{
  "random_forest": {
    "model_name": "RandomForest",
    "mae": 0.01736219398899295,
    "rmse": 0.032063665455652195,
    "r2": 0.7198101460116513,
    "directional_accuracy": 0.9490740740740741,
    "mean_predicted_return": -0.00019534444573442988,
    "mean_actual_return": 0.0008053694842742778,
    "notes": null,
    "precision": null,
    "recall": null,
    "f1": null,
    "roc_auc": null
  },
  "lightgbm": {
    "model_name": "LightGBM",
    "mae": 0.016289613051142956,
    "rmse": 0.03328308978538538,
    "r2": 0.6980928899844561,
    "directional_accuracy": 0.9398148148148148,
    "mean_predicted_return": -0.00025753535707473445,
    "mean_actual_return": 0.0008053694842742778,
    "notes": null,
    "precision": null,
    "recall": null,
    "f1": null,
    "roc_auc": null
  },
  "xgboost": {
    "model_name": "XGBoost",
    "mae": 0.010716646859455089,
    "rmse": 0.020266832430697074,
    "r2": 0.8880567732609159,
    "directional_accuracy": 0.9768518518518519,
    "mean_predicted_return": 0.0014916186919435859,
    "mean_actual_return": 0.0008053694842742778,
    "notes": null,
    "precision": null,
    "recall": null,
    "f1": null,
    "roc_auc": null
  },
  "stacked_blend": {
    "model_name": "StackedBlend",
    "mae": 0.012082306644574207,
    "rmse": 0.02283814999136725,
    "r2": 0.8578496577747392,
    "directional_accuracy": 0.9583333333333334,
    "mean_predicted_return": 0.0007051958597136642,
    "mean_actual_return": 0.0008053694842742778,
    "notes": null,
    "precision": null,
    "recall": null,
    "f1": null,
    "roc_auc": null
  }
}