{
  "random_forest": {
    "model_name": "RandomForest",
    "mae": 0.0052489933552097275,
    "rmse": 0.00810005341943509,
    "r2": 0.8523112049267834,
    "directional_accuracy": 0.9452054794520548,
    "mean_predicted_return": 0.003459301496614808,
    "mean_actual_return": 0.003754970274290788,
    "notes": null,
    "precision": null,
    "recall": null,
    "f1": null,
    "roc_auc": null
  },
  "lightgbm": {
    "model_name": "LightGBM",
    "mae": 0.005657625769186511,
    "rmse": 0.008514511099844496,
    "r2": 0.8368108752302272,
    "directional_accuracy": 0.9452054794520548,
    "mean_predicted_return": 0.003924027743212332,
    "mean_actual_return": 0.003754970274290788,
    "notes": null,
    "precision": null,
    "recall": null,
    "f1": null,
    "roc_auc": null
  },
  "xgboost": {
    "model_name": "XGBoost",
    "mae": 0.0050261283511831055,
    "rmse": 0.0077218595395411125,
    "r2": 0.8657805124577377,
    "directional_accuracy": 0.9406392694063926,
    "mean_predicted_return": 0.0028117236215621233,
    "mean_actual_return": 0.003754970274290788,
    "notes": null,
    "precision": null,
    "recall": null,
    "f1": null,
    "roc_auc": null
  },
  "stacked_blend": {
    "model_name": "StackedBlend",
    "mae": 0.012041508027497073,
    "rmse": 0.016826373438617533,
    "r2": 0.3626869260717164,
    "directional_accuracy": 0.8310502283105022,
    "mean_predicted_return": 0.0020183731832363193,
    "mean_actual_return": 0.003754970274290788,
    "notes": null,
    "precision": null,
    "recall": null,
    "f1": null,
    "roc_auc": null
  }
}