{
  "random_forest": {
    "model_name": "RandomForest",
    "mae": 0.017268536071784576,
    "rmse": 0.028649604417959867,
    "r2": 0.6130914131840063,
    "directional_accuracy": 0.9444444444444444,
    "mean_predicted_return": -0.00029213739026288314,
    "mean_actual_return": -0.0016603199203017115,
    "notes": null,
    "precision": null,
    "recall": null,
    "f1": null,
    "roc_auc": null
  },
  "lightgbm": {
    "model_name": "LightGBM",
    "mae": 0.014167439005735345,
    "rmse": 0.026168562799766933,
    "r2": 0.6772019878007929,
    "directional_accuracy": 0.9537037037037037,
    "mean_predicted_return": -0.0005441518165167087,
    "mean_actual_return": -0.0016603199203017115,
    "notes": null,
    "precision": null,
    "recall": null,
    "f1": null,
    "roc_auc": null
  },
  "xgboost": {
    "model_name": "XGBoost",
    "mae": 0.008558056169009499,
    "rmse": 0.012714135661182875,
    "r2": 0.9238017862073277,
    "directional_accuracy": 0.9490740740740741,
    "mean_predicted_return": 0.0004631613555829972,
    "mean_actual_return": -0.0016603199203017115,
    "notes": null,
    "precision": null,
    "recall": null,
    "f1": null,
    "roc_auc": null
  },
  "stacked_blend": {
    "model_name": "StackedBlend",
    "mae": 0.01453333195172504,
    "rmse": 0.022813731828623826,
    "r2": 0.7546625917284826,
    "directional_accuracy": 0.9444444444444444,
    "mean_predicted_return": -4.532487343044642e-06,
    "mean_actual_return": -0.0016603199203017115,
    "notes": null,
    "precision": null,
    "recall": null,
    "f1": null,
    "roc_auc": null
  }
}