{
  "random_forest": {
    "model_name": "RandomForest",
    "mae": 0.002266486272017854,
    "rmse": 0.0036140531680175546,
    "r2": 0.877748961022193,
    "directional_accuracy": 0.9360730593607306,
    "mean_predicted_return": 0.0008538553963021722,
    "mean_actual_return": 0.0008714709388361981,
    "notes": null,
    "precision": null,
    "recall": null,
    "f1": null,
    "roc_auc": null
  },
  "lightgbm": {
    "model_name": "LightGBM",
    "mae": 0.0021556335749755517,
    "rmse": 0.0034226013144316287,
    "r2": 0.8903582119099576,
    "directional_accuracy": 0.908675799086758,
    "mean_predicted_return": 0.0008260679624395678,
    "mean_actual_return": 0.0008714709388361981,
    "notes": null,
    "precision": null,
    "recall": null,
    "f1": null,
    "roc_auc": null
  },
  "xgboost": {
    "model_name": "XGBoost",
    "mae": 0.002109399064497174,
    "rmse": 0.003540458943955101,
    "r2": 0.8826771486935542,
    "directional_accuracy": 0.9406392694063926,
    "mean_predicted_return": 0.0007807977381162345,
    "mean_actual_return": 0.0008714709388361981,
    "notes": null,
    "precision": null,
    "recall": null,
    "f1": null,
    "roc_auc": null
  },
  "stacked_blend": {
    "model_name": "StackedBlend",
    "mae": 0.006563211974669158,
    "rmse": 0.009531802548746119,
    "r2": 0.1496189794323146,
    "directional_accuracy": 0.7579908675799086,
    "mean_predicted_return": 0.0004135660887067015,
    "mean_actual_return": 0.0008714709388361981,
    "notes": null,
    "precision": null,
    "recall": null,
    "f1": null,
    "roc_auc": null
  }
}