{
  "random_forest": {
    "model_name": "RandomForest",
    "mae": 0.02086169489911364,
    "rmse": 0.030922443804065163,
    "r2": 0.8362338130349052,
    "directional_accuracy": 0.9358288770053476,
    "mean_predicted_return": -0.009071178804108253,
    "mean_actual_return": -0.011181330747428381,
    "notes": null,
    "precision": null,
    "recall": null,
    "f1": null,
    "roc_auc": null
  },
  "lightgbm": {
    "model_name": "LightGBM",
    "mae": 0.0208206023041556,
    "rmse": 0.03251162004136752,
    "r2": 0.8189686288060267,
    "directional_accuracy": 0.8983957219251337,
    "mean_predicted_return": -0.010575159604828396,
    "mean_actual_return": -0.011181330747428381,
    "notes": null,
    "precision": null,
    "recall": null,
    "f1": null,
    "roc_auc": null
  },
  "xgboost": {
    "model_name": "XGBoost",
    "mae": 0.022619068059613116,
    "rmse": 0.04277944983837655,
    "r2": 0.6865653472827904,
    "directional_accuracy": 0.9358288770053476,
    "mean_predicted_return": -0.007336060516536236,
    "mean_actual_return": -0.011181330747428381,
    "notes": null,
    "precision": null,
    "recall": null,
    "f1": null,
    "roc_auc": null
  },
  "stacked_blend": {
    "model_name": "StackedBlend",
    "mae": 0.021134999903491842,
    "rmse": 0.037183158895023855,
    "r2": 0.7632068230079572,
    "directional_accuracy": 0.9358288770053476,
    "mean_predicted_return": -0.009271183869363106,
    "mean_actual_return": -0.011181330747428381,
    "notes": null,
    "precision": null,
    "recall": null,
    "f1": null,
    "roc_auc": null
  }
}