{
  "random_forest": {
    "model_name": "RandomForest",
    "mae": 0.04613208635907598,
    "rmse": 0.061070001056897416,
    "r2": 0.4421423494063652,
    "directional_accuracy": 0.7759562841530054,
    "mean_predicted_return": -0.002058685713294265,
    "mean_actual_return": -0.015587690785336103,
    "notes": null,
    "precision": null,
    "recall": null,
    "f1": null,
    "roc_auc": null
  },
  "lightgbm": {
    "model_name": "LightGBM",
    "mae": 0.026301797009621642,
    "rmse": 0.036857570789221174,
    "r2": 0.7968012859868834,
    "directional_accuracy": 0.8961748633879781,
    "mean_predicted_return": -0.01110446495261899,
    "mean_actual_return": -0.015587690785336103,
    "notes": null,
    "precision": null,
    "recall": null,
    "f1": null,
    "roc_auc": null
  },
  "xgboost": {
    "model_name": "XGBoost",
    "mae": 0.02517049123206949,
    "rmse": 0.03628293894273391,
    "r2": 0.8030878770725042,
    "directional_accuracy": 0.9016393442622951,
    "mean_predicted_return": -0.012088490650057793,
    "mean_actual_return": -0.015587690785336103,
    "notes": null,
    "precision": null,
    "recall": null,
    "f1": null,
    "roc_auc": null
  },
  "stacked_blend": {
    "model_name": "StackedBlend",
    "mae": 0.022912338080672705,
    "rmse": 0.033558397827599167,
    "r2": 0.8315504035579067,
    "directional_accuracy": 0.8961748633879781,
    "mean_predicted_return": -0.015587690785336103,
    "mean_actual_return": -0.015587690785336103,
    "notes": null,
    "precision": null,
    "recall": null,
    "f1": null,
    "roc_auc": null
  }
}