{
  "random_forest": {
    "model_name": "RandomForest",
    "mae": 0.013847213457675145,
    "rmse": 0.01960436150783375,
    "r2": 0.8698786212686546,
    "directional_accuracy": 0.927170868347339,
    "mean_predicted_return": 0.006059959224580487,
    "mean_actual_return": 0.010831734403789501,
    "notes": null,
    "precision": null,
    "recall": null,
    "f1": null,
    "roc_auc": null
  },
  "lightgbm": {
    "model_name": "LightGBM",
    "mae": 0.014103075622284716,
    "rmse": 0.01907171248369795,
    "r2": 0.8768533411416564,
    "directional_accuracy": 0.9439775910364145,
    "mean_predicted_return": 0.006863268026026241,
    "mean_actual_return": 0.010831734403789501,
    "notes": null,
    "precision": null,
    "recall": null,
    "f1": null,
    "roc_auc": null
  },
  "xgboost": {
    "model_name": "XGBoost",
    "mae": 0.011930906781669979,
    "rmse": 0.01673501507722467,
    "r2": 0.9051809788841283,
    "directional_accuracy": 0.9467787114845938,
    "mean_predicted_return": 0.0064598857425153255,
    "mean_actual_return": 0.010831734403789501,
    "notes": null,
    "precision": null,
    "recall": null,
    "f1": null,
    "roc_auc": null
  },
  "stacked_blend": {
    "model_name": "StackedBlend",
    "mae": 0.01228487379083162,
    "rmse": 0.017166730781588875,
    "r2": 0.9002257563549123,
    "directional_accuracy": 0.957983193277311,
    "mean_predicted_return": 0.006499425967195108,
    "mean_actual_return": 0.010831734403789501,
    "notes": null,
    "precision": null,
    "recall": null,
    "f1": null,
    "roc_auc": null
  }
}