{
  "random_forest": {
    "model_name": "RandomForest",
    "mae": 0.012873311410231032,
    "rmse": 0.019796967022588905,
    "r2": 0.7721323464468028,
    "directional_accuracy": 0.9558011049723757,
    "mean_predicted_return": -0.001418148109907822,
    "mean_actual_return": -0.005054135435097422,
    "notes": null,
    "precision": null,
    "recall": null,
    "f1": null,
    "roc_auc": null
  },
  "lightgbm": {
    "model_name": "LightGBM",
    "mae": 0.011094828550402874,
    "rmse": 0.017901719268938382,
    "r2": 0.8136734058419827,
    "directional_accuracy": 0.914364640883978,
    "mean_predicted_return": -0.0016799746410576294,
    "mean_actual_return": -0.005054135435097422,
    "notes": null,
    "precision": null,
    "recall": null,
    "f1": null,
    "roc_auc": null
  },
  "xgboost": {
    "model_name": "XGBoost",
    "mae": 0.010469534150590015,
    "rmse": 0.014544049168964318,
    "r2": 0.877013900199497,
    "directional_accuracy": 0.9337016574585635,
    "mean_predicted_return": -0.0009274915209971368,
    "mean_actual_return": -0.005054135435097422,
    "notes": null,
    "precision": null,
    "recall": null,
    "f1": null,
    "roc_auc": null
  },
  "stacked_blend": {
    "model_name": "StackedBlend",
    "mae": 0.010581809494792382,
    "rmse": 0.01583748171554104,
    "r2": 0.8541663942319302,
    "directional_accuracy": 0.9475138121546961,
    "mean_predicted_return": -0.0012024362684701678,
    "mean_actual_return": -0.005054135435097422,
    "notes": null,
    "precision": null,
    "recall": null,
    "f1": null,
    "roc_auc": null
  }
}