{
  "random_forest": {
    "model_name": "RandomForest",
    "mae": 0.03251648370690793,
    "rmse": 0.061583980277047826,
    "r2": 0.7068332394736893,
    "directional_accuracy": 0.85,
    "mean_predicted_return": -0.0012555066672139505,
    "mean_actual_return": 0.005391377489293283,
    "notes": null,
    "precision": null,
    "recall": null,
    "f1": null,
    "roc_auc": null
  },
  "lightgbm": {
    "model_name": "LightGBM",
    "mae": 0.031032856930660116,
    "rmse": 0.06043857369992755,
    "r2": 0.7176371008230892,
    "directional_accuracy": 0.9181818181818182,
    "mean_predicted_return": -0.0025653190914145963,
    "mean_actual_return": 0.005391377489293283,
    "notes": null,
    "precision": null,
    "recall": null,
    "f1": null,
    "roc_auc": null
  },
  "xgboost": {
    "model_name": "XGBoost",
    "mae": 0.03012517360695336,
    "rmse": 0.05418987292393436,
    "r2": 0.7730054218854515,
    "directional_accuracy": 0.9090909090909091,
    "mean_predicted_return": 0.003058061469346285,
    "mean_actual_return": 0.005391377489293283,
    "notes": null,
    "precision": null,
    "recall": null,
    "f1": null,
    "roc_auc": null
  },
  "stacked_blend": {
    "model_name": "StackedBlend",
    "mae": 0.029171556639228602,
    "rmse": 0.05549834793545064,
    "r2": 0.761911000828986,
    "directional_accuracy": 0.9090909090909091,
    "mean_predicted_return": 0.0011679369814055465,
    "mean_actual_return": 0.005391377489293283,
    "notes": null,
    "precision": null,
    "recall": null,
    "f1": null,
    "roc_auc": null
  }
}