{
  "random_forest": {
    "model_name": "RandomForest",
    "mae": 0.020255806452056317,
    "rmse": 0.03191357817670113,
    "r2": 0.794447485832571,
    "directional_accuracy": 0.9137931034482759,
    "mean_predicted_return": -0.014552978995942,
    "mean_actual_return": -0.018296777158806198,
    "notes": null,
    "precision": null,
    "recall": null,
    "f1": null,
    "roc_auc": null
  },
  "lightgbm": {
    "model_name": "LightGBM",
    "mae": 0.020587997351948693,
    "rmse": 0.03482550274258653,
    "r2": 0.7552252691846761,
    "directional_accuracy": 0.896551724137931,
    "mean_predicted_return": -0.009305526188065376,
    "mean_actual_return": -0.018296777158806198,
    "notes": null,
    "precision": null,
    "recall": null,
    "f1": null,
    "roc_auc": null
  },
  "xgboost": {
    "model_name": "XGBoost",
    "mae": 0.0220885046933483,
    "rmse": 0.03296321067502858,
    "r2": 0.7807039522839065,
    "directional_accuracy": 0.9310344827586207,
    "mean_predicted_return": -0.013341524638235569,
    "mean_actual_return": -0.018296777158806198,
    "notes": null,
    "precision": null,
    "recall": null,
    "f1": null,
    "roc_auc": null
  },
  "stacked_blend": {
    "model_name": "StackedBlend",
    "mae": 0.020015127806523567,
    "rmse": 0.03286864924312863,
    "r2": 0.7819603350122444,
    "directional_accuracy": 0.9310344827586207,
    "mean_predicted_return": -0.01092854532362526,
    "mean_actual_return": -0.018296777158806198,
    "notes": null,
    "precision": null,
    "recall": null,
    "f1": null,
    "roc_auc": null
  }
}