{
  "random_forest": {
    "model_name": "RandomForest",
    "mae": 0.01447591472753912,
    "rmse": 0.019781913749165266,
    "r2": 0.860388409595382,
    "directional_accuracy": 0.855072463768116,
    "mean_predicted_return": 0.003921266802861326,
    "mean_actual_return": 0.005851513323553403,
    "notes": null,
    "precision": null,
    "recall": null,
    "f1": null,
    "roc_auc": null
  },
  "lightgbm": {
    "model_name": "LightGBM",
    "mae": 0.013511724023904244,
    "rmse": 0.018730592364889213,
    "r2": 0.8748335625566842,
    "directional_accuracy": 0.9347826086956522,
    "mean_predicted_return": 0.004719294826422776,
    "mean_actual_return": 0.005851513323553403,
    "notes": null,
    "precision": null,
    "recall": null,
    "f1": null,
    "roc_auc": null
  },
  "xgboost": {
    "model_name": "XGBoost",
    "mae": 0.01110632846973992,
    "rmse": 0.01532748530220123,
    "r2": 0.9161840478049843,
    "directional_accuracy": 0.9311594202898551,
    "mean_predicted_return": 0.004943301435559988,
    "mean_actual_return": 0.005851513323553403,
    "notes": null,
    "precision": null,
    "recall": null,
    "f1": null,
    "roc_auc": null
  },
  "stacked_blend": {
    "model_name": "StackedBlend",
    "mae": 0.011735915365749285,
    "rmse": 0.016486949015099877,
    "r2": 0.9030237343534465,
    "directional_accuracy": 0.9420289855072463,
    "mean_predicted_return": 0.004605713657218411,
    "mean_actual_return": 0.005851513323553403,
    "notes": null,
    "precision": null,
    "recall": null,
    "f1": null,
    "roc_auc": null
  }
}