{
  "random_forest": {
    "model_name": "RandomForest",
    "mae": 0.04002076997520156,
    "rmse": 0.05253692880183538,
    "r2": 0.9033583979952124,
    "directional_accuracy": 0.9057142857142857,
    "mean_predicted_return": 0.060755592979878745,
    "mean_actual_return": 0.08586766834128941,
    "notes": null,
    "precision": null,
    "recall": null,
    "f1": null,
    "roc_auc": null
  },
  "lightgbm": {
    "model_name": "LightGBM",
    "mae": 0.038105208399867835,
    "rmse": 0.05230310978525768,
    "r2": 0.9042167032269124,
    "directional_accuracy": 0.9085714285714286,
    "mean_predicted_return": 0.055806744251116584,
    "mean_actual_return": 0.08586766834128941,
    "notes": null,
    "precision": null,
    "recall": null,
    "f1": null,
    "roc_auc": null
  },
  "xgboost": {
    "model_name": "XGBoost",
    "mae": 0.03650539793398482,
    "rmse": 0.04984560427043253,
    "r2": 0.9130061625948874,
    "directional_accuracy": 0.9057142857142857,
    "mean_predicted_return": 0.05952215939760208,
    "mean_actual_return": 0.08586766834128941,
    "notes": null,
    "precision": null,
    "recall": null,
    "f1": null,
    "roc_auc": null
  },
  "stacked_blend": {
    "model_name": "StackedBlend",
    "mae": 0.03030617312092495,
    "rmse": 0.041098528039000125,
    "r2": 0.9408591865849534,
    "directional_accuracy": 0.9457142857142857,
    "mean_predicted_return": 0.0858676683412894,
    "mean_actual_return": 0.08586766834128941,
    "notes": null,
    "precision": null,
    "recall": null,
    "f1": null,
    "roc_auc": null
  }
}