{
  "random_forest": {
    "model_name": "RandomForest",
    "mae": 0.012546001431409569,
    "rmse": 0.02249891537424729,
    "r2": 0.8055190184732957,
    "directional_accuracy": 0.9140271493212669,
    "mean_predicted_return": -0.0001839120918222774,
    "mean_actual_return": 0.0017531356886365443,
    "notes": null,
    "precision": null,
    "recall": null,
    "f1": null,
    "roc_auc": null
  },
  "lightgbm": {
    "model_name": "LightGBM",
    "mae": 0.014044099749511527,
    "rmse": 0.026464229566257432,
    "r2": 0.7309255360544125,
    "directional_accuracy": 0.9095022624434389,
    "mean_predicted_return": -0.000489162414602155,
    "mean_actual_return": 0.0017531356886365443,
    "notes": null,
    "precision": null,
    "recall": null,
    "f1": null,
    "roc_auc": null
  },
  "xgboost": {
    "model_name": "XGBoost",
    "mae": 0.010648326273490941,
    "rmse": 0.015917747892765753,
    "r2": 0.9026542002736493,
    "directional_accuracy": 0.8914027149321267,
    "mean_predicted_return": 0.00026022663223557174,
    "mean_actual_return": 0.0017531356886365443,
    "notes": null,
    "precision": null,
    "recall": null,
    "f1": null,
    "roc_auc": null
  },
  "stacked_blend": {
    "model_name": "StackedBlend",
    "mae": 0.011610635987493937,
    "rmse": 0.020042458604279653,
    "r2": 0.8456680072528882,
    "directional_accuracy": 0.9004524886877828,
    "mean_predicted_return": -8.942579759454842e-06,
    "mean_actual_return": 0.0017531356886365443,
    "notes": null,
    "precision": null,
    "recall": null,
    "f1": null,
    "roc_auc": null
  }
}