{
  "random_forest": {
    "model_name": "RandomForest",
    "mae": 0.021184433400769708,
    "rmse": 0.03708928242109037,
    "r2": 0.7465220378460393,
    "directional_accuracy": 0.8899082568807339,
    "mean_predicted_return": -3.5694812345329236e-05,
    "mean_actual_return": 0.002346772853509774,
    "notes": null,
    "precision": null,
    "recall": null,
    "f1": null,
    "roc_auc": null
  },
  "lightgbm": {
    "model_name": "LightGBM",
    "mae": 0.021233097650358662,
    "rmse": 0.039079231587078295,
    "r2": 0.7185926890185669,
    "directional_accuracy": 0.9036697247706422,
    "mean_predicted_return": -0.0002209849839758813,
    "mean_actual_return": 0.002346772853509774,
    "notes": null,
    "precision": null,
    "recall": null,
    "f1": null,
    "roc_auc": null
  },
  "xgboost": {
    "model_name": "XGBoost",
    "mae": 0.01606237298154397,
    "rmse": 0.03087356738602436,
    "r2": 0.8243626104489233,
    "directional_accuracy": 0.908256880733945,
    "mean_predicted_return": 0.0021881635766476393,
    "mean_actual_return": 0.002346772853509774,
    "notes": null,
    "precision": null,
    "recall": null,
    "f1": null,
    "roc_auc": null
  },
  "stacked_blend": {
    "model_name": "StackedBlend",
    "mae": 0.01841246714542381,
    "rmse": 0.0333387929931878,
    "r2": 0.7951938046059103,
    "directional_accuracy": 0.8899082568807339,
    "mean_predicted_return": 0.0010847994610075826,
    "mean_actual_return": 0.002346772853509774,
    "notes": null,
    "precision": null,
    "recall": null,
    "f1": null,
    "roc_auc": null
  }
}