{
  "random_forest": {
    "model_name": "RandomForest",
    "mae": 0.011511583600215057,
    "rmse": 0.013644589647354969,
    "r2": 0.7822318036055247,
    "directional_accuracy": 0.7938144329896907,
    "mean_predicted_return": 0.0035532484273318836,
    "mean_actual_return": 0.004147607932824791,
    "notes": null,
    "precision": null,
    "recall": null,
    "f1": null,
    "roc_auc": null
  },
  "lightgbm": {
    "model_name": "LightGBM",
    "mae": 0.008324685202552879,
    "rmse": 0.011281431108043112,
    "r2": 0.8511318170909556,
    "directional_accuracy": 0.9484536082474226,
    "mean_predicted_return": 0.004660555181881328,
    "mean_actual_return": 0.004147607932824791,
    "notes": null,
    "precision": null,
    "recall": null,
    "f1": null,
    "roc_auc": null
  },
  "xgboost": {
    "model_name": "XGBoost",
    "mae": 0.013406032062595366,
    "rmse": 0.016733716206175222,
    "r2": 0.6724645627556158,
    "directional_accuracy": 0.9072164948453608,
    "mean_predicted_return": -0.0021209572441875935,
    "mean_actual_return": 0.004147607932824791,
    "notes": null,
    "precision": null,
    "recall": null,
    "f1": null,
    "roc_auc": null
  },
  "stacked_blend": {
    "model_name": "StackedBlend",
    "mae": 0.007820903111945587,
    "rmse": 0.011029228359020277,
    "r2": 0.857713481277473,
    "directional_accuracy": 0.9690721649484536,
    "mean_predicted_return": 0.0035455955063373895,
    "mean_actual_return": 0.004147607932824791,
    "notes": null,
    "precision": null,
    "recall": null,
    "f1": null,
    "roc_auc": null
  }
}