{
  "random_forest": {
    "model_name": "RandomForest",
    "mae": 0.029680365892887278,
    "rmse": 0.045221591867402454,
    "r2": 0.8496729255206216,
    "directional_accuracy": 0.8935185185185185,
    "mean_predicted_return": 0.0011070259487335604,
    "mean_actual_return": 0.0025580330365846064,
    "notes": null,
    "precision": null,
    "recall": null,
    "f1": null,
    "roc_auc": null
  },
  "lightgbm": {
    "model_name": "LightGBM",
    "mae": 0.030559002619884798,
    "rmse": 0.050006133018649375,
    "r2": 0.8161802982472174,
    "directional_accuracy": 0.9305555555555556,
    "mean_predicted_return": -0.0031256481245078103,
    "mean_actual_return": 0.0025580330365846064,
    "notes": null,
    "precision": null,
    "recall": null,
    "f1": null,
    "roc_auc": null
  },
  "xgboost": {
    "model_name": "XGBoost",
    "mae": 0.026719823191665406,
    "rmse": 0.0406058594394837,
    "r2": 0.8787943325594518,
    "directional_accuracy": 0.9120370370370371,
    "mean_predicted_return": 0.0019957174081355333,
    "mean_actual_return": 0.0025580330365846064,
    "notes": null,
    "precision": null,
    "recall": null,
    "f1": null,
    "roc_auc": null
  },
  "stacked_blend": {
    "model_name": "StackedBlend",
    "mae": 0.026828229073297266,
    "rmse": 0.04147427491613922,
    "r2": 0.8735545757959284,
    "directional_accuracy": 0.8981481481481481,
    "mean_predicted_return": 0.0006997682346203985,
    "mean_actual_return": 0.0025580330365846064,
    "notes": null,
    "precision": null,
    "recall": null,
    "f1": null,
    "roc_auc": null
  }
}