{
  "random_forest": {
    "model_name": "RandomForest",
    "mae": 0.02419912497616007,
    "rmse": 0.06559101027254521,
    "r2": 0.5375391744325464,
    "directional_accuracy": 0.878125,
    "mean_predicted_return": 0.004105140123535645,
    "mean_actual_return": 0.012380732934046852,
    "notes": null,
    "precision": null,
    "recall": null,
    "f1": null,
    "roc_auc": null
  },
  "lightgbm": {
    "model_name": "LightGBM",
    "mae": 0.02241187126669154,
    "rmse": 0.06577893701391573,
    "r2": 0.5348853577579458,
    "directional_accuracy": 0.946875,
    "mean_predicted_return": 0.005960396127920184,
    "mean_actual_return": 0.012380732934046852,
    "notes": null,
    "precision": null,
    "recall": null,
    "f1": null,
    "roc_auc": null
  },
  "xgboost": {
    "model_name": "XGBoost",
    "mae": 0.0301120430864614,
    "rmse": 0.06437929038104771,
    "r2": 0.5544682276629455,
    "directional_accuracy": 0.8625,
    "mean_predicted_return": -0.009622693061828613,
    "mean_actual_return": 0.012380732934046852,
    "notes": null,
    "precision": null,
    "recall": null,
    "f1": null,
    "roc_auc": null
  },
  "stacked_blend": {
    "model_name": "StackedBlend",
    "mae": 0.026260648608147974,
    "rmse": 0.06277859501006976,
    "r2": 0.5763477731403641,
    "directional_accuracy": 0.9,
    "mean_predicted_return": -0.004430068759979415,
    "mean_actual_return": 0.012380732934046852,
    "notes": null,
    "precision": null,
    "recall": null,
    "f1": null,
    "roc_auc": null
  }
}