{
  "random_forest": {
    "model_name": "RandomForest",
    "mae": 0.03202272528293615,
    "rmse": 0.05221558777558452,
    "r2": 0.852685981344508,
    "directional_accuracy": 0.922509225092251,
    "mean_predicted_return": 0.015627419491166375,
    "mean_actual_return": 0.012974349785592278,
    "notes": null,
    "precision": null,
    "recall": null,
    "f1": null,
    "roc_auc": null
  },
  "lightgbm": {
    "model_name": "LightGBM",
    "mae": 0.03500273326221092,
    "rmse": 0.06304900089730564,
    "r2": 0.7852168770630537,
    "directional_accuracy": 0.915129151291513,
    "mean_predicted_return": 0.01585020587158773,
    "mean_actual_return": 0.012974349785592278,
    "notes": null,
    "precision": null,
    "recall": null,
    "f1": null,
    "roc_auc": null
  },
  "xgboost": {
    "model_name": "XGBoost",
    "mae": 0.038344096286278974,
    "rmse": 0.06780142857819905,
    "r2": 0.7516172540962621,
    "directional_accuracy": 0.9298892988929889,
    "mean_predicted_return": 0.0008185921469703317,
    "mean_actual_return": 0.012974349785592278,
    "notes": null,
    "precision": null,
    "recall": null,
    "f1": null,
    "roc_auc": null
  },
  "stacked_blend": {
    "model_name": "StackedBlend",
    "mae": 0.03754239493931685,
    "rmse": 0.0645164363662388,
    "r2": 0.7751025785103818,
    "directional_accuracy": 0.922509225092251,
    "mean_predicted_return": 0.0015696906112060381,
    "mean_actual_return": 0.012974349785592278,
    "notes": null,
    "precision": null,
    "recall": null,
    "f1": null,
    "roc_auc": null
  }
}