{
  "random_forest": {
    "model_name": "RandomForest",
    "mae": 0.012366292888273926,
    "rmse": 0.01892254802452826,
    "r2": 0.8254734494816603,
    "directional_accuracy": 0.9059233449477352,
    "mean_predicted_return": 0.0018086667243138491,
    "mean_actual_return": -0.0001773908379574267,
    "notes": null,
    "precision": null,
    "recall": null,
    "f1": null,
    "roc_auc": null
  },
  "lightgbm": {
    "model_name": "LightGBM",
    "mae": 0.012335133982769444,
    "rmse": 0.019933954535951134,
    "r2": 0.8063180274133654,
    "directional_accuracy": 0.9198606271777003,
    "mean_predicted_return": 0.001671622818479284,
    "mean_actual_return": -0.0001773908379574267,
    "notes": null,
    "precision": null,
    "recall": null,
    "f1": null,
    "roc_auc": null
  },
  "xgboost": {
    "model_name": "XGBoost",
    "mae": 0.00846735071992344,
    "rmse": 0.013197668969673653,
    "r2": 0.9151021416614307,
    "directional_accuracy": 0.9233449477351916,
    "mean_predicted_return": 0.00035543713602237403,
    "mean_actual_return": -0.0001773908379574267,
    "notes": null,
    "precision": null,
    "recall": null,
    "f1": null,
    "roc_auc": null
  },
  "stacked_blend": {
    "model_name": "StackedBlend",
    "mae": 0.009734328890488446,
    "rmse": 0.015262445704083812,
    "r2": 0.8864595694672309,
    "directional_accuracy": 0.926829268292683,
    "mean_predicted_return": 0.0010111687686925291,
    "mean_actual_return": -0.0001773908379574267,
    "notes": null,
    "precision": null,
    "recall": null,
    "f1": null,
    "roc_auc": null
  }
}