{
  "random_forest": {
    "model_name": "RandomForest",
    "mae": 0.015583530579622303,
    "rmse": 0.024232428182240442,
    "r2": 0.8050641015679909,
    "directional_accuracy": 0.8888888888888888,
    "mean_predicted_return": 0.0005467067120961711,
    "mean_actual_return": 0.0005120984679096631,
    "notes": null,
    "precision": null,
    "recall": null,
    "f1": null,
    "roc_auc": null
  },
  "lightgbm": {
    "model_name": "LightGBM",
    "mae": 0.014125707287063183,
    "rmse": 0.02301309565726102,
    "r2": 0.8241881917311473,
    "directional_accuracy": 0.8981481481481481,
    "mean_predicted_return": 0.00078999090271146,
    "mean_actual_return": 0.0005120984679096631,
    "notes": null,
    "precision": null,
    "recall": null,
    "f1": null,
    "roc_auc": null
  },
  "xgboost": {
    "model_name": "XGBoost",
    "mae": 0.00971094943130576,
    "rmse": 0.013614947015924632,
    "r2": 0.9384639144155742,
    "directional_accuracy": 0.9212962962962963,
    "mean_predicted_return": 0.000493995554279536,
    "mean_actual_return": 0.0005120984679096631,
    "notes": null,
    "precision": null,
    "recall": null,
    "f1": null,
    "roc_auc": null
  },
  "stacked_blend": {
    "model_name": "StackedBlend",
    "mae": 0.012212518924456883,
    "rmse": 0.019245084845543794,
    "r2": 0.8770474286749486,
    "directional_accuracy": 0.8888888888888888,
    "mean_predicted_return": 0.0006616097366220928,
    "mean_actual_return": 0.0005120984679096631,
    "notes": null,
    "precision": null,
    "recall": null,
    "f1": null,
    "roc_auc": null
  }
}