{
  "random_forest": {
    "model_name": "RandomForest",
    "mae": 0.006287659124516222,
    "rmse": 0.009941124151089711,
    "r2": 0.5499543563860276,
    "directional_accuracy": 0.9072164948453608,
    "mean_predicted_return": 0.00235803448029832,
    "mean_actual_return": 0.0008877013229333149,
    "notes": null,
    "precision": null,
    "recall": null,
    "f1": null,
    "roc_auc": null
  },
  "lightgbm": {
    "model_name": "LightGBM",
    "mae": 0.005745235853849465,
    "rmse": 0.009566322625325575,
    "r2": 0.5832499949007124,
    "directional_accuracy": 0.9072164948453608,
    "mean_predicted_return": 0.002475913217900791,
    "mean_actual_return": 0.0008877013229333149,
    "notes": null,
    "precision": null,
    "recall": null,
    "f1": null,
    "roc_auc": null
  },
  "xgboost": {
    "model_name": "XGBoost",
    "mae": 0.00555181993864077,
    "rmse": 0.007406298563630892,
    "r2": 0.7502025516565057,
    "directional_accuracy": 0.9072164948453608,
    "mean_predicted_return": 0.0023751684930175543,
    "mean_actual_return": 0.0008877013229333149,
    "notes": null,
    "precision": null,
    "recall": null,
    "f1": null,
    "roc_auc": null
  },
  "stacked_blend": {
    "model_name": "StackedBlend",
    "mae": 0.008501884690679367,
    "rmse": 0.011810423993467125,
    "r2": 0.3647911429438905,
    "directional_accuracy": 0.7835051546391752,
    "mean_predicted_return": 0.002242846111263966,
    "mean_actual_return": 0.0008877013229333149,
    "notes": null,
    "precision": null,
    "recall": null,
    "f1": null,
    "roc_auc": null
  }
}