{
  "random_forest": {
    "model_name": "RandomForest",
    "mae": 0.020841518519707284,
    "rmse": 0.03272992652820294,
    "r2": 0.8591749455473046,
    "directional_accuracy": 0.9198606271777003,
    "mean_predicted_return": -0.00041161080520449127,
    "mean_actual_return": -0.0009140004600626556,
    "notes": null,
    "precision": null,
    "recall": null,
    "f1": null,
    "roc_auc": null
  },
  "lightgbm": {
    "model_name": "LightGBM",
    "mae": 0.01975163185842848,
    "rmse": 0.03064368170260068,
    "r2": 0.8765554979051319,
    "directional_accuracy": 0.89198606271777,
    "mean_predicted_return": 0.0007659564573196764,
    "mean_actual_return": -0.0009140004600626556,
    "notes": null,
    "precision": null,
    "recall": null,
    "f1": null,
    "roc_auc": null
  },
  "xgboost": {
    "model_name": "XGBoost",
    "mae": 0.019124093553664536,
    "rmse": 0.03037661127040275,
    "r2": 0.8786978456402437,
    "directional_accuracy": 0.9094076655052264,
    "mean_predicted_return": 0.0018176438752561808,
    "mean_actual_return": -0.0009140004600626556,
    "notes": null,
    "precision": null,
    "recall": null,
    "f1": null,
    "roc_auc": null
  },
  "stacked_blend": {
    "model_name": "StackedBlend",
    "mae": 0.019629775546857114,
    "rmse": 0.030335875057043608,
    "r2": 0.8790229692755887,
    "directional_accuracy": 0.9059233449477352,
    "mean_predicted_return": 0.0007170342033146089,
    "mean_actual_return": -0.0009140004600626556,
    "notes": null,
    "precision": null,
    "recall": null,
    "f1": null,
    "roc_auc": null
  }
}