{
  "random_forest": {
    "model_name": "RandomForest",
    "mae": 0.017998406400539492,
    "rmse": 0.03716625841408861,
    "r2": 0.5601589920786649,
    "directional_accuracy": 0.9042145593869731,
    "mean_predicted_return": 5.358035209143441e-05,
    "mean_actual_return": -2.542443984453728e-07,
    "notes": null,
    "precision": null,
    "recall": null,
    "f1": null,
    "roc_auc": null
  },
  "lightgbm": {
    "model_name": "LightGBM",
    "mae": 0.015461301995918443,
    "rmse": 0.03697568026348191,
    "r2": 0.5646581898034606,
    "directional_accuracy": 0.9118773946360154,
    "mean_predicted_return": -0.00019766080341786788,
    "mean_actual_return": -2.542443984453728e-07,
    "notes": null,
    "precision": null,
    "recall": null,
    "f1": null,
    "roc_auc": null
  },
  "xgboost": {
    "model_name": "XGBoost",
    "mae": 0.010473274672126756,
    "rmse": 0.02221456665557564,
    "r2": 0.8428647123453392,
    "directional_accuracy": 0.9310344827586207,
    "mean_predicted_return": -0.0013806128408759832,
    "mean_actual_return": -2.542443984453728e-07,
    "notes": null,
    "precision": null,
    "recall": null,
    "f1": null,
    "roc_auc": null
  },
  "stacked_blend": {
    "model_name": "StackedBlend",
    "mae": 0.012411355345404535,
    "rmse": 0.029228310601701564,
    "r2": 0.7279771032892082,
    "directional_accuracy": 0.9118773946360154,
    "mean_predicted_return": -0.000636174964094811,
    "mean_actual_return": -2.542443984453728e-07,
    "notes": null,
    "precision": null,
    "recall": null,
    "f1": null,
    "roc_auc": null
  }
}