{
  "random_forest": {
    "model_name": "RandomForest",
    "mae": 0.022527092629088457,
    "rmse": 0.051402128098171095,
    "r2": 0.5876328771618908,
    "directional_accuracy": 0.8914027149321267,
    "mean_predicted_return": 0.0017598492635317012,
    "mean_actual_return": 0.002847006379235496,
    "notes": null,
    "precision": null,
    "recall": null,
    "f1": null,
    "roc_auc": null
  },
  "lightgbm": {
    "model_name": "LightGBM",
    "mae": 0.01909344129091318,
    "rmse": 0.05143225694421795,
    "r2": 0.5871493257151608,
    "directional_accuracy": 0.9140271493212669,
    "mean_predicted_return": 0.0012139061972530833,
    "mean_actual_return": 0.002847006379235496,
    "notes": null,
    "precision": null,
    "recall": null,
    "f1": null,
    "roc_auc": null
  },
  "xgboost": {
    "model_name": "XGBoost",
    "mae": 0.01616246682034783,
    "rmse": 0.04560408266010052,
    "r2": 0.6754143752978483,
    "directional_accuracy": 0.9049773755656109,
    "mean_predicted_return": 0.0010394431883469224,
    "mean_actual_return": 0.002847006379235496,
    "notes": null,
    "precision": null,
    "recall": null,
    "f1": null,
    "roc_auc": null
  },
  "stacked_blend": {
    "model_name": "StackedBlend",
    "mae": 0.017177984684568715,
    "rmse": 0.04723583706723521,
    "r2": 0.6517708961210538,
    "directional_accuracy": 0.8959276018099548,
    "mean_predicted_return": 0.0011507864100286204,
    "mean_actual_return": 0.002847006379235496,
    "notes": null,
    "precision": null,
    "recall": null,
    "f1": null,
    "roc_auc": null
  }
}