{
  "random_forest": {
    "model_name": "RandomForest",
    "mae": 0.0126474159487827,
    "rmse": 0.024426750714683355,
    "r2": 0.6810015877282463,
    "directional_accuracy": 0.9306930693069307,
    "mean_predicted_return": 4.666699864755362e-05,
    "mean_actual_return": 0.0012157967076127474,
    "notes": null,
    "precision": null,
    "recall": null,
    "f1": null,
    "roc_auc": null
  },
  "lightgbm": {
    "model_name": "LightGBM",
    "mae": 0.008407352000835634,
    "rmse": 0.016533480282031433,
    "r2": 0.8538544202304108,
    "directional_accuracy": 0.9455445544554455,
    "mean_predicted_return": 0.0007506350101215342,
    "mean_actual_return": 0.0012157967076127474,
    "notes": null,
    "precision": null,
    "recall": null,
    "f1": null,
    "roc_auc": null
  },
  "xgboost": {
    "model_name": "XGBoost",
    "mae": 0.0073327744822665126,
    "rmse": 0.014420505859893174,
    "r2": 0.888822190852137,
    "directional_accuracy": 0.9405940594059405,
    "mean_predicted_return": 0.001112979487515986,
    "mean_actual_return": 0.0012157967076127474,
    "notes": null,
    "precision": null,
    "recall": null,
    "f1": null,
    "roc_auc": null
  },
  "stacked_blend": {
    "model_name": "StackedBlend",
    "mae": 0.007755457529590575,
    "rmse": 0.015278851096986176,
    "r2": 0.8751931225273609,
    "directional_accuracy": 0.9504950495049505,
    "mean_predicted_return": 0.0012157967076127463,
    "mean_actual_return": 0.0012157967076127474,
    "notes": null,
    "precision": null,
    "recall": null,
    "f1": null,
    "roc_auc": null
  }
}