{
  "random_forest": {
    "model_name": "RandomForest",
    "mae": 0.010808217829905547,
    "rmse": 0.01686866792851924,
    "r2": 0.7509285882946525,
    "directional_accuracy": 0.876750700280112,
    "mean_predicted_return": 0.0018230794878519368,
    "mean_actual_return": 0.001362154240469921,
    "notes": null,
    "precision": null,
    "recall": null,
    "f1": null,
    "roc_auc": null
  },
  "lightgbm": {
    "model_name": "LightGBM",
    "mae": 0.009870137509607978,
    "rmse": 0.015607030720401024,
    "r2": 0.7867923050540222,
    "directional_accuracy": 0.907563025210084,
    "mean_predicted_return": 0.00196181675151041,
    "mean_actual_return": 0.001362154240469921,
    "notes": null,
    "precision": null,
    "recall": null,
    "f1": null,
    "roc_auc": null
  },
  "xgboost": {
    "model_name": "XGBoost",
    "mae": 0.007398118567032281,
    "rmse": 0.010609821403916546,
    "r2": 0.9014677383741693,
    "directional_accuracy": 0.9159663865546218,
    "mean_predicted_return": 0.0027115419507026672,
    "mean_actual_return": 0.001362154240469921,
    "notes": null,
    "precision": null,
    "recall": null,
    "f1": null,
    "roc_auc": null
  },
  "stacked_blend": {
    "model_name": "StackedBlend",
    "mae": 0.007895680078903724,
    "rmse": 0.01258726651013527,
    "r2": 0.8613163830903707,
    "directional_accuracy": 0.927170868347339,
    "mean_predicted_return": 0.002253160503487774,
    "mean_actual_return": 0.001362154240469921,
    "notes": null,
    "precision": null,
    "recall": null,
    "f1": null,
    "roc_auc": null
  }
}