{
  "random_forest": {
    "model_name": "RandomForest",
    "mae": 0.011943101360951476,
    "rmse": 0.015033866967359432,
    "r2": 0.8870791664372727,
    "directional_accuracy": 0.8854166666666666,
    "mean_predicted_return": 0.0027292177033381416,
    "mean_actual_return": 0.0011673668440355435,
    "notes": null,
    "precision": null,
    "recall": null,
    "f1": null,
    "roc_auc": null
  },
  "lightgbm": {
    "model_name": "LightGBM",
    "mae": 0.01336651682805857,
    "rmse": 0.01789200932153658,
    "r2": 0.8400622798325724,
    "directional_accuracy": 0.90625,
    "mean_predicted_return": 0.0062333398235697906,
    "mean_actual_return": 0.0011673668440355435,
    "notes": null,
    "precision": null,
    "recall": null,
    "f1": null,
    "roc_auc": null
  },
  "xgboost": {
    "model_name": "XGBoost",
    "mae": 0.01003720672030766,
    "rmse": 0.012790219334877805,
    "r2": 0.9182686535187576,
    "directional_accuracy": 0.8854166666666666,
    "mean_predicted_return": 0.002148806117475033,
    "mean_actual_return": 0.0011673668440355435,
    "notes": null,
    "precision": null,
    "recall": null,
    "f1": null,
    "roc_auc": null
  },
  "stacked_blend": {
    "model_name": "StackedBlend",
    "mae": 0.009937200859390557,
    "rmse": 0.012987485165482931,
    "r2": 0.9157280974973794,
    "directional_accuracy": 0.8854166666666666,
    "mean_predicted_return": 0.0034431213571721546,
    "mean_actual_return": 0.0011673668440355435,
    "notes": null,
    "precision": null,
    "recall": null,
    "f1": null,
    "roc_auc": null
  }
}