{
  "random_forest": {
    "model_name": "RandomForest",
    "mae": 0.021211796767994985,
    "rmse": 0.032622385026273765,
    "r2": 0.7864947469843935,
    "directional_accuracy": 0.9095022624434389,
    "mean_predicted_return": 0.0024871593560263573,
    "mean_actual_return": 0.00692594309781415,
    "notes": null,
    "precision": null,
    "recall": null,
    "f1": null,
    "roc_auc": null
  },
  "lightgbm": {
    "model_name": "LightGBM",
    "mae": 0.019817816628595192,
    "rmse": 0.032407847836689006,
    "r2": 0.7892936963544886,
    "directional_accuracy": 0.9230769230769231,
    "mean_predicted_return": 0.003306587149548605,
    "mean_actual_return": 0.00692594309781415,
    "notes": null,
    "precision": null,
    "recall": null,
    "f1": null,
    "roc_auc": null
  },
  "xgboost": {
    "model_name": "XGBoost",
    "mae": 0.012404510467194796,
    "rmse": 0.019323108254969898,
    "r2": 0.9250914966157109,
    "directional_accuracy": 0.9366515837104072,
    "mean_predicted_return": 0.006168632302433252,
    "mean_actual_return": 0.00692594309781415,
    "notes": null,
    "precision": null,
    "recall": null,
    "f1": null,
    "roc_auc": null
  },
  "stacked_blend": {
    "model_name": "StackedBlend",
    "mae": 0.015797283211331774,
    "rmse": 0.025393293578942076,
    "r2": 0.8706354703672435,
    "directional_accuracy": 0.9140271493212669,
    "mean_predicted_return": 0.004509354197947604,
    "mean_actual_return": 0.00692594309781415,
    "notes": null,
    "precision": null,
    "recall": null,
    "f1": null,
    "roc_auc": null
  }
}