{
  "random_forest": {
    "model_name": "RandomForest",
    "mae": 0.015909327083251566,
    "rmse": 0.0301569792579511,
    "r2": 0.7451548202116451,
    "directional_accuracy": 0.9120879120879121,
    "mean_predicted_return": 0.0023607248350813745,
    "mean_actual_return": 0.0026199756652064087,
    "notes": null,
    "precision": null,
    "recall": null,
    "f1": null,
    "roc_auc": null
  },
  "lightgbm": {
    "model_name": "LightGBM",
    "mae": 0.015391594994730359,
    "rmse": 0.03074649980375708,
    "r2": 0.7350938052061429,
    "directional_accuracy": 0.9120879120879121,
    "mean_predicted_return": 0.0012930454808186373,
    "mean_actual_return": 0.0026199756652064087,
    "notes": null,
    "precision": null,
    "recall": null,
    "f1": null,
    "roc_auc": null
  },
  "xgboost": {
    "model_name": "XGBoost",
    "mae": 0.011955016311198819,
    "rmse": 0.02146337362970685,
    "r2": 0.8709087754402448,
    "directional_accuracy": 0.9413919413919414,
    "mean_predicted_return": 0.003218489931896329,
    "mean_actual_return": 0.0026199756652064087,
    "notes": null,
    "precision": null,
    "recall": null,
    "f1": null,
    "roc_auc": null
  },
  "stacked_blend": {
    "model_name": "StackedBlend",
    "mae": 0.012869350314536933,
    "rmse": 0.024363226872122258,
    "r2": 0.833670084118435,
    "directional_accuracy": 0.9304029304029304,
    "mean_predicted_return": 0.0025230644918785355,
    "mean_actual_return": 0.0026199756652064087,
    "notes": null,
    "precision": null,
    "recall": null,
    "f1": null,
    "roc_auc": null
  }
}