{
  "random_forest": {
    "model_name": "RandomForest",
    "mae": 0.018727737097805616,
    "rmse": 0.028592103671129528,
    "r2": 0.7590318055934903,
    "directional_accuracy": 0.8260869565217391,
    "mean_predicted_return": 0.001907394219910804,
    "mean_actual_return": -0.004841942815921978,
    "notes": null,
    "precision": null,
    "recall": null,
    "f1": null,
    "roc_auc": null
  },
  "lightgbm": {
    "model_name": "LightGBM",
    "mae": 0.014761981050908968,
    "rmse": 0.024480603316340135,
    "r2": 0.8233507747477499,
    "directional_accuracy": 0.9841897233201581,
    "mean_predicted_return": -0.0007605202173479466,
    "mean_actual_return": -0.004841942815921978,
    "notes": null,
    "precision": null,
    "recall": null,
    "f1": null,
    "roc_auc": null
  },
  "xgboost": {
    "model_name": "XGBoost",
    "mae": 0.06019035155397113,
    "rmse": 0.09958578778128391,
    "r2": -1.923224905950688,
    "directional_accuracy": 0.7984189723320159,
    "mean_predicted_return": 0.049227312207221985,
    "mean_actual_return": -0.004841942815921978,
    "notes": null,
    "precision": null,
    "recall": null,
    "f1": null,
    "roc_auc": null
  },
  "stacked_blend": {
    "model_name": "StackedBlend",
    "mae": 0.0277437426550698,
    "rmse": 0.04214354952188542,
    "r2": 0.47648428144624755,
    "directional_accuracy": 0.8379446640316206,
    "mean_predicted_return": 0.016791393679425247,
    "mean_actual_return": -0.004841942815921978,
    "notes": null,
    "precision": null,
    "recall": null,
    "f1": null,
    "roc_auc": null
  }
}