{
  "random_forest": {
    "model_name": "RandomForest",
    "mae": 0.013612426632306373,
    "rmse": 0.02342277774900422,
    "r2": 0.768622469742627,
    "directional_accuracy": 0.874439461883408,
    "mean_predicted_return": 0.001615750978748917,
    "mean_actual_return": 0.0026002089706962522,
    "notes": null,
    "precision": null,
    "recall": null,
    "f1": null,
    "roc_auc": null
  },
  "lightgbm": {
    "model_name": "LightGBM",
    "mae": 0.01346768626649952,
    "rmse": 0.022311073003259844,
    "r2": 0.7900647819770834,
    "directional_accuracy": 0.874439461883408,
    "mean_predicted_return": 0.0020559232544820564,
    "mean_actual_return": 0.0026002089706962522,
    "notes": null,
    "precision": null,
    "recall": null,
    "f1": null,
    "roc_auc": null
  },
  "xgboost": {
    "model_name": "XGBoost",
    "mae": 0.008955166398774228,
    "rmse": 0.012800018650593948,
    "r2": 0.9309019819092346,
    "directional_accuracy": 0.9327354260089686,
    "mean_predicted_return": 0.002725718542933464,
    "mean_actual_return": 0.0026002089706962522,
    "notes": null,
    "precision": null,
    "recall": null,
    "f1": null,
    "roc_auc": null
  },
  "stacked_blend": {
    "model_name": "StackedBlend",
    "mae": 0.010854818815064391,
    "rmse": 0.017709968361038084,
    "r2": 0.8677243340738192,
    "directional_accuracy": 0.905829596412556,
    "mean_predicted_return": 0.0022295962814737375,
    "mean_actual_return": 0.0026002089706962522,
    "notes": null,
    "precision": null,
    "recall": null,
    "f1": null,
    "roc_auc": null
  }
}