{
  "random_forest": {
    "model_name": "RandomForest",
    "mae": 0.012129308674872092,
    "rmse": 0.02146590361437242,
    "r2": 0.6811004246245931,
    "directional_accuracy": 0.9007633587786259,
    "mean_predicted_return": 0.0040144153388532505,
    "mean_actual_return": 0.0021846476688129526,
    "notes": null,
    "precision": null,
    "recall": null,
    "f1": null,
    "roc_auc": null
  },
  "lightgbm": {
    "model_name": "LightGBM",
    "mae": 0.009522146879134582,
    "rmse": 0.01847008434053767,
    "r2": 0.7639014346077861,
    "directional_accuracy": 0.9236641221374046,
    "mean_predicted_return": 0.004170089370526577,
    "mean_actual_return": 0.0021846476688129526,
    "notes": null,
    "precision": null,
    "recall": null,
    "f1": null,
    "roc_auc": null
  },
  "xgboost": {
    "model_name": "XGBoost",
    "mae": 0.009260986095299323,
    "rmse": 0.01745220300130948,
    "r2": 0.7892070396805114,
    "directional_accuracy": 0.916030534351145,
    "mean_predicted_return": 0.004901811480522156,
    "mean_actual_return": 0.0021846476688129526,
    "notes": null,
    "precision": null,
    "recall": null,
    "f1": null,
    "roc_auc": null
  },
  "stacked_blend": {
    "model_name": "StackedBlend",
    "mae": 0.009701466169554532,
    "rmse": 0.017824747470378335,
    "r2": 0.7801115780428668,
    "directional_accuracy": 0.9083969465648855,
    "mean_predicted_return": 0.0021846476688129517,
    "mean_actual_return": 0.0021846476688129526,
    "notes": null,
    "precision": null,
    "recall": null,
    "f1": null,
    "roc_auc": null
  }
}