{
  "random_forest": {
    "model_name": "RandomForest",
    "mae": 0.014882037245080458,
    "rmse": 0.02390414069671791,
    "r2": 0.605935584714854,
    "directional_accuracy": 0.9612903225806452,
    "mean_predicted_return": 0.002467647220939519,
    "mean_actual_return": 0.002412315372096313,
    "notes": null,
    "precision": null,
    "recall": null,
    "f1": null,
    "roc_auc": null
  },
  "lightgbm": {
    "model_name": "LightGBM",
    "mae": 0.01296420746976692,
    "rmse": 0.02216531969891963,
    "r2": 0.6611800720724994,
    "directional_accuracy": 0.9225806451612903,
    "mean_predicted_return": 0.0026441612125591768,
    "mean_actual_return": 0.002412315372096313,
    "notes": null,
    "precision": null,
    "recall": null,
    "f1": null,
    "roc_auc": null
  },
  "xgboost": {
    "model_name": "XGBoost",
    "mae": 0.009560339283443013,
    "rmse": 0.01563411736013975,
    "r2": 0.8314348925006043,
    "directional_accuracy": 0.9290322580645162,
    "mean_predicted_return": 0.004095857962965965,
    "mean_actual_return": 0.002412315372096313,
    "notes": null,
    "precision": null,
    "recall": null,
    "f1": null,
    "roc_auc": null
  },
  "stacked_blend": {
    "model_name": "StackedBlend",
    "mae": 0.010748882360000048,
    "rmse": 0.019430009291897796,
    "r2": 0.7396443762635501,
    "directional_accuracy": 0.967741935483871,
    "mean_predicted_return": 0.0030692221837026992,
    "mean_actual_return": 0.002412315372096313,
    "notes": null,
    "precision": null,
    "recall": null,
    "f1": null,
    "roc_auc": null
  }
}